2026-09-08 00:00:00 [INFO] session expired (req-0)
2026-09-08 01:00:00 [WARN] database query slow (req-1)
2026-09-08 02:00:00 [INFO] database query slow (req-2)
2026-09-08 03:00:00 [WARN] request completed (req-3)
2026-09-08 04:00:00 [INFO] database query slow (req-4)
2026-09-08 05:00:00 [INFO] disk usage high (req-5)
2026-09-08 06:00:00 [INFO] user login successful (req-6)
2026-09-08 07:00:00 [WARN] connection reset by peer (req-7)
2026-09-08 08:00:00 [INFO] user login successful (req-8)
2026-09-08 00:00:00 [WARN] cache miss on product page (req-9)
2026-09-08 01:00:00 [INFO] request completed (req-10)
2026-09-08 02:00:00 [INFO] disk usage high (req-11)
2026-09-08 03:00:00 [INFO] database query slow (req-12)
2026-09-08 04:00:00 [INFO] disk usage high (req-13)
2026-09-08 05:00:00 [INFO] disk usage high (req-14)
2026-09-08 06:00:00 [INFO] connection reset by peer (req-15)
2026-09-08 07:00:00 [INFO] payment gateway timeout (req-16)
2026-09-08 08:00:00 [INFO] session expired (req-17)
2026-09-08 00:00:00 [ERROR] request completed (req-18)
2026-09-08 01:00:00 [INFO] session expired (req-19)
2026-09-08 02:00:00 [INFO] payment gateway timeout (req-20)
2026-09-08 03:00:00 [INFO] disk usage high (req-21)
2026-09-08 04:00:00 [INFO] payment gateway timeout (req-22)
2026-09-08 05:00:00 [ERROR] user login successful (req-23)
2026-09-08 06:00:00 [WARN] session expired (req-24)
2026-09-08 07:00:00 [ERROR] database query slow (req-25)
2026-09-08 08:00:00 [INFO] disk usage high (req-26)
2026-09-08 00:00:00 [INFO] request completed (req-27)
2026-09-08 01:00:00 [ERROR] payment gateway timeout (req-28)
2026-09-08 02:00:00 [ERROR] database query slow (req-29)
2026-09-08 03:00:00 [WARN] database query slow (req-30)
2026-09-08 04:00:00 [INFO] connection reset by peer (req-31)
2026-09-08 05:00:00 [INFO] database query slow (req-32)
2026-09-08 06:00:00 [INFO] user login successful (req-33)
2026-09-08 07:00:00 [INFO] disk usage high (req-34)
2026-09-08 08:00:00 [INFO] request completed (req-35)
2026-09-08 00:00:00 [INFO] user login successful (req-36)
2026-09-08 01:00:00 [WARN] connection reset by peer (req-37)
2026-09-08 02:00:00 [INFO] cache miss on product page (req-38)
2026-09-08 03:00:00 [INFO] connection reset by peer (req-39)
2026-09-08 04:00:00 [INFO] request completed (req-40)
2026-09-08 05:00:00 [INFO] user login successful (req-41)
2026-09-08 06:00:00 [WARN] payment gateway timeout (req-42)
2026-09-08 07:00:00 [INFO] user login successful (req-43)
2026-09-08 08:00:00 [INFO] request completed (req-44)
2026-09-08 00:00:00 [WARN] payment gateway timeout (req-45)
2026-09-08 01:00:00 [WARN] request completed (req-46)
2026-09-08 02:00:00 [WARN] cache miss on product page (req-47)
2026-09-08 03:00:00 [INFO] database query slow (req-48)
2026-09-08 04:00:00 [INFO] database query slow (req-49)
2026-09-08 05:00:00 [INFO] cache miss on product page (req-50)
2026-09-08 06:00:00 [ERROR] payment gateway timeout (req-51)
2026-09-08 07:00:00 [INFO] cache miss on product page (req-52)
2026-09-08 08:00:00 [INFO] cache miss on product page (req-53)
2026-09-08 00:00:00 [INFO] user login successful (req-54)
2026-09-08 01:00:00 [INFO] disk usage high (req-55)
2026-09-08 02:00:00 [INFO] connection reset by peer (req-56)
2026-09-08 03:00:00 [INFO] disk usage high (req-57)
2026-09-08 04:00:00 [INFO] connection reset by peer (req-58)
2026-09-08 05:00:00 [INFO] request completed (req-59)
2026-09-08 06:00:00 [INFO] user login successful (req-60)
2026-09-08 07:00:00 [ERROR] request completed (req-61)
2026-09-08 08:00:00 [INFO] cache miss on product page (req-62)
2026-09-08 00:00:00 [INFO] connection reset by peer (req-63)
2026-09-08 01:00:00 [INFO] connection reset by peer (req-64)
2026-09-08 02:00:00 [INFO] disk usage high (req-65)
2026-09-08 03:00:00 [ERROR] cache miss on product page (req-66)
2026-09-08 04:00:00 [INFO] user login successful (req-67)
2026-09-08 05:00:00 [INFO] request completed (req-68)
2026-09-08 06:00:00 [WARN] session expired (req-69)
2026-09-08 07:00:00 [ERROR] disk usage high (req-70)
2026-09-08 08:00:00 [INFO] payment gateway timeout (req-71)
2026-09-08 00:00:00 [INFO] session expired (req-72)
2026-09-08 01:00:00 [INFO] database query slow (req-73)
2026-09-08 02:00:00 [ERROR] database query slow (req-74)
2026-09-08 03:00:00 [INFO] connection reset by peer (req-75)
2026-09-08 04:00:00 [INFO] database query slow (req-76)
2026-09-08 05:00:00 [INFO] disk usage high (req-77)
2026-09-08 06:00:00 [INFO] session expired (req-78)
2026-09-08 07:00:00 [INFO] request completed (req-79)
2026-09-08 08:00:00 [INFO] user login successful (req-80)
2026-09-08 00:00:00 [INFO] disk usage high (req-81)
2026-09-08 01:00:00 [INFO] session expired (req-82)
2026-09-08 02:00:00 [INFO] disk usage high (req-83)
2026-09-08 03:00:00 [INFO] request completed (req-84)
2026-09-08 04:00:00 [ERROR] request completed (req-85)
2026-09-08 05:00:00 [INFO] request completed (req-86)
2026-09-08 06:00:00 [INFO] cache miss on product page (req-87)
2026-09-08 07:00:00 [INFO] request completed (req-88)
2026-09-08 08:00:00 [WARN] connection reset by peer (req-89)
2026-09-08 00:00:00 [INFO] payment gateway timeout (req-90)
2026-09-08 01:00:00 [INFO] connection reset by peer (req-91)
2026-09-08 02:00:00 [ERROR] payment gateway timeout (req-92)
2026-09-08 03:00:00 [INFO] user login successful (req-93)
2026-09-08 04:00:00 [INFO] payment gateway timeout (req-94)
2026-09-08 05:00:00 [INFO] database query slow (req-95)
2026-09-08 06:00:00 [INFO] request completed (req-96)
2026-09-08 07:00:00 [INFO] payment gateway timeout (req-97)
2026-09-08 08:00:00 [WARN] user login successful (req-98)
2026-09-08 00:00:00 [WARN] payment gateway timeout (req-99)
2026-09-08 01:00:00 [INFO] session expired (req-100)
2026-09-08 02:00:00 [INFO] database query slow (req-101)
2026-09-08 03:00:00 [WARN] user login successful (req-102)
2026-09-08 04:00:00 [INFO] connection reset by peer (req-103)
2026-09-08 05:00:00 [INFO] connection reset by peer (req-104)
2026-09-08 06:00:00 [WARN] connection reset by peer (req-105)
2026-09-08 07:00:00 [WARN] disk usage high (req-106)
2026-09-08 08:00:00 [WARN] cache miss on product page (req-107)
2026-09-08 00:00:00 [WARN] cache miss on product page (req-108)
2026-09-08 01:00:00 [INFO] session expired (req-109)
2026-09-08 02:00:00 [INFO] database query slow (req-110)
2026-09-08 03:00:00 [INFO] request completed (req-111)
2026-09-08 04:00:00 [WARN] payment gateway timeout (req-112)
2026-09-08 05:00:00 [INFO] payment gateway timeout (req-113)
2026-09-08 06:00:00 [INFO] connection reset by peer (req-114)
2026-09-08 07:00:00 [INFO] user login successful (req-115)
2026-09-08 08:00:00 [INFO] session expired (req-116)
2026-09-08 00:00:00 [INFO] payment gateway timeout (req-117)
2026-09-08 01:00:00 [INFO] payment gateway timeout (req-118)
2026-09-08 02:00:00 [INFO] database query slow (req-119)
2026-09-08 03:00:00 [INFO] payment gateway timeout (req-120)
2026-09-08 04:00:00 [INFO] session expired (req-121)
2026-09-08 05:00:00 [INFO] database query slow (req-122)
2026-09-08 06:00:00 [INFO] payment gateway timeout (req-123)
2026-09-08 07:00:00 [INFO] connection reset by peer (req-124)
2026-09-08 08:00:00 [INFO] disk usage high (req-125)
2026-09-08 00:00:00 [INFO] disk usage high (req-126)
2026-09-08 01:00:00 [INFO] user login successful (req-127)
2026-09-08 02:00:00 [INFO] connection reset by peer (req-128)
2026-09-08 03:00:00 [INFO] cache miss on product page (req-129)
2026-09-08 04:00:00 [INFO] disk usage high (req-130)
2026-09-08 05:00:00 [INFO] session expired (req-131)
2026-09-08 06:00:00 [INFO] request completed (req-132)
2026-09-08 07:00:00 [INFO] disk usage high (req-133)
2026-09-08 08:00:00 [INFO] disk usage high (req-134)
2026-09-08 00:00:00 [INFO] database query slow (req-135)
2026-09-08 01:00:00 [INFO] user login successful (req-136)
2026-09-08 02:00:00 [INFO] request completed (req-137)
2026-09-08 03:00:00 [INFO] user login successful (req-138)
2026-09-08 04:00:00 [INFO] database query slow (req-139)
2026-09-08 05:00:00 [ERROR] user login successful (req-140)
2026-09-08 06:00:00 [ERROR] session expired (req-141)
2026-09-08 07:00:00 [INFO] request completed (req-142)
2026-09-08 08:00:00 [INFO] request completed (req-143)
2026-09-08 00:00:00 [INFO] session expired (req-144)
2026-09-08 01:00:00 [INFO] database query slow (req-145)
2026-09-08 02:00:00 [INFO] user login successful (req-146)
2026-09-08 03:00:00 [INFO] payment gateway timeout (req-147)
2026-09-08 04:00:00 [INFO] user login successful (req-148)
2026-09-08 05:00:00 [INFO] payment gateway timeout (req-149)
2026-09-08 06:00:00 [WARN] connection reset by peer (req-150)
2026-09-08 07:00:00 [INFO] request completed (req-151)
2026-09-08 08:00:00 [INFO] payment gateway timeout (req-152)
2026-09-08 00:00:00 [INFO] cache miss on product page (req-153)
2026-09-08 01:00:00 [INFO] session expired (req-154)
2026-09-08 02:00:00 [INFO] database query slow (req-155)
2026-09-08 03:00:00 [INFO] session expired (req-156)
2026-09-08 04:00:00 [WARN] connection reset by peer (req-157)
2026-09-08 05:00:00 [INFO] request completed (req-158)
2026-09-08 06:00:00 [WARN] payment gateway timeout (req-159)
2026-09-08 07:00:00 [INFO] disk usage high (req-160)
2026-09-08 08:00:00 [WARN] session expired (req-161)
2026-09-08 00:00:00 [INFO] cache miss on product page (req-162)
2026-09-08 01:00:00 [INFO] request completed (req-163)
2026-09-08 02:00:00 [ERROR] database query slow (req-164)
2026-09-08 03:00:00 [WARN] session expired (req-165)
2026-09-08 04:00:00 [ERROR] cache miss on product page (req-166)
2026-09-08 05:00:00 [WARN] session expired (req-167)
2026-09-08 06:00:00 [INFO] request completed (req-168)
2026-09-08 07:00:00 [INFO] connection reset by peer (req-169)
2026-09-08 08:00:00 [INFO] disk usage high (req-170)
2026-09-08 00:00:00 [INFO] connection reset by peer (req-171)
2026-09-08 01:00:00 [INFO] user login successful (req-172)
2026-09-08 02:00:00 [INFO] session expired (req-173)
2026-09-08 03:00:00 [INFO] payment gateway timeout (req-174)
2026-09-08 04:00:00 [INFO] database query slow (req-175)
2026-09-08 05:00:00 [INFO] database query slow (req-176)
2026-09-08 06:00:00 [INFO] request completed (req-177)
2026-09-08 07:00:00 [INFO] payment gateway timeout (req-178)
2026-09-08 08:00:00 [INFO] database query slow (req-179)
2026-09-08 00:00:00 [INFO] connection reset by peer (req-180)
2026-09-08 01:00:00 [INFO] cache miss on product page (req-181)
2026-09-08 02:00:00 [INFO] database query slow (req-182)
2026-09-08 03:00:00 [INFO] disk usage high (req-183)
2026-09-08 04:00:00 [INFO] connection reset by peer (req-184)
2026-09-08 05:00:00 [INFO] disk usage high (req-185)
2026-09-08 06:00:00 [INFO] database query slow (req-186)
2026-09-08 07:00:00 [INFO] cache miss on product page (req-187)
2026-09-08 08:00:00 [INFO] disk usage high (req-188)
2026-09-08 00:00:00 [INFO] payment gateway timeout (req-189)
2026-09-08 01:00:00 [INFO] connection reset by peer (req-190)
2026-09-08 02:00:00 [INFO] request completed (req-191)
2026-09-08 03:00:00 [INFO] payment gateway timeout (req-192)
2026-09-08 04:00:00 [INFO] database query slow (req-193)
2026-09-08 05:00:00 [ERROR] disk usage high (req-194)
2026-09-08 06:00:00 [INFO] user login successful (req-195)
2026-09-08 07:00:00 [INFO] disk usage high (req-196)
2026-09-08 08:00:00 [ERROR] session expired (req-197)
2026-09-08 00:00:00 [INFO] database query slow (req-198)
2026-09-08 01:00:00 [INFO] session expired (req-199)
2026-09-08 02:00:00 [ERROR] user login successful (req-200)
2026-09-08 03:00:00 [WARN] session expired (req-201)
2026-09-08 04:00:00 [INFO] disk usage high (req-202)
2026-09-08 05:00:00 [WARN] payment gateway timeout (req-203)
2026-09-08 06:00:00 [INFO] session expired (req-204)
2026-09-08 07:00:00 [INFO] connection reset by peer (req-205)
2026-09-08 08:00:00 [INFO] request completed (req-206)
2026-09-08 00:00:00 [INFO] disk usage high (req-207)
2026-09-08 01:00:00 [INFO] user login successful (req-208)
2026-09-08 02:00:00 [INFO] payment gateway timeout (req-209)
2026-09-08 03:00:00 [INFO] payment gateway timeout (req-210)
2026-09-08 04:00:00 [WARN] database query slow (req-211)
2026-09-08 05:00:00 [INFO] payment gateway timeout (req-212)
2026-09-08 06:00:00 [ERROR] database query slow (req-213)
2026-09-08 07:00:00 [INFO] payment gateway timeout (req-214)
2026-09-08 08:00:00 [INFO] user login successful (req-215)
2026-09-08 00:00:00 [WARN] disk usage high (req-216)
2026-09-08 01:00:00 [WARN] session expired (req-217)
2026-09-08 02:00:00 [WARN] database query slow (req-218)
2026-09-08 03:00:00 [ERROR] payment gateway timeout (req-219)
2026-09-08 04:00:00 [INFO] payment gateway timeout (req-220)
2026-09-08 05:00:00 [INFO] connection reset by peer (req-221)
2026-09-08 06:00:00 [INFO] disk usage high (req-222)
2026-09-08 07:00:00 [INFO] session expired (req-223)
2026-09-08 08:00:00 [INFO] request completed (req-224)
2026-09-08 00:00:00 [INFO] user login successful (req-225)
2026-09-08 01:00:00 [INFO] session expired (req-226)
2026-09-08 02:00:00 [INFO] connection reset by peer (req-227)
2026-09-08 03:00:00 [INFO] user login successful (req-228)
2026-09-08 04:00:00 [INFO] payment gateway timeout (req-229)
2026-09-08 05:00:00 [WARN] connection reset by peer (req-230)
2026-09-08 06:00:00 [INFO] connection reset by peer (req-231)
2026-09-08 07:00:00 [ERROR] disk usage high (req-232)
2026-09-08 08:00:00 [INFO] connection reset by peer (req-233)
2026-09-08 00:00:00 [INFO] disk usage high (req-234)
2026-09-08 01:00:00 [ERROR] cache miss on product page (req-235)
2026-09-08 02:00:00 [WARN] session expired (req-236)
2026-09-08 03:00:00 [INFO] user login successful (req-237)
2026-09-08 04:00:00 [INFO] disk usage high (req-238)
2026-09-08 05:00:00 [INFO] cache miss on product page (req-239)
2026-09-08 06:00:00 [ERROR] connection reset by peer (req-240)
2026-09-08 07:00:00 [INFO] connection reset by peer (req-241)
2026-09-08 08:00:00 [INFO] connection reset by peer (req-242)
2026-09-08 00:00:00 [INFO] user login successful (req-243)
2026-09-08 01:00:00 [INFO] request completed (req-244)
2026-09-08 02:00:00 [INFO] cache miss on product page (req-245)
2026-09-08 03:00:00 [ERROR] cache miss on product page (req-246)
2026-09-08 04:00:00 [INFO] cache miss on product page (req-247)
2026-09-08 05:00:00 [INFO] database query slow (req-248)
2026-09-08 06:00:00 [INFO] connection reset by peer (req-249)
2026-09-08 07:00:00 [INFO] session expired (req-250)
2026-09-08 08:00:00 [INFO] user login successful (req-251)
2026-09-08 00:00:00 [INFO] user login successful (req-252)
2026-09-08 01:00:00 [INFO] request completed (req-253)
2026-09-08 02:00:00 [INFO] payment gateway timeout (req-254)
2026-09-08 03:00:00 [INFO] payment gateway timeout (req-255)
2026-09-08 04:00:00 [INFO] connection reset by peer (req-256)
2026-09-08 05:00:00 [INFO] cache miss on product page (req-257)
2026-09-08 06:00:00 [INFO] database query slow (req-258)
2026-09-08 07:00:00 [ERROR] database query slow (req-259)
2026-09-08 08:00:00 [INFO] payment gateway timeout (req-260)
2026-09-08 00:00:00 [INFO] payment gateway timeout (req-261)
2026-09-08 01:00:00 [INFO] database query slow (req-262)
2026-09-08 02:00:00 [INFO] cache miss on product page (req-263)
2026-09-08 03:00:00 [WARN] payment gateway timeout (req-264)
2026-09-08 04:00:00 [INFO] request completed (req-265)
2026-09-08 05:00:00 [WARN] cache miss on product page (req-266)
2026-09-08 06:00:00 [INFO] disk usage high (req-267)
2026-09-08 07:00:00 [INFO] request completed (req-268)
2026-09-08 08:00:00 [INFO] request completed (req-269)
2026-09-08 00:00:00 [INFO] request completed (req-270)
2026-09-08 01:00:00 [INFO] database query slow (req-271)
2026-09-08 02:00:00 [INFO] database query slow (req-272)
2026-09-08 03:00:00 [INFO] session expired (req-273)
2026-09-08 04:00:00 [INFO] payment gateway timeout (req-274)
2026-09-08 05:00:00 [ERROR] request completed (req-275)
2026-09-08 06:00:00 [INFO] connection reset by peer (req-276)
2026-09-08 07:00:00 [INFO] request completed (req-277)
2026-09-08 08:00:00 [INFO] payment gateway timeout (req-278)
2026-09-08 00:00:00 [ERROR] user login successful (req-279)
2026-09-08 01:00:00 [INFO] disk usage high (req-280)
2026-09-08 02:00:00 [WARN] database query slow (req-281)
2026-09-08 03:00:00 [WARN] session expired (req-282)
2026-09-08 04:00:00 [INFO] session expired (req-283)
2026-09-08 05:00:00 [INFO] database query slow (req-284)
2026-09-08 06:00:00 [WARN] disk usage high (req-285)
2026-09-08 07:00:00 [INFO] database query slow (req-286)
2026-09-08 08:00:00 [INFO] cache miss on product page (req-287)
2026-09-08 00:00:00 [INFO] cache miss on product page (req-288)
2026-09-08 01:00:00 [INFO] request completed (req-289)
2026-09-08 02:00:00 [INFO] cache miss on product page (req-290)
2026-09-08 03:00:00 [INFO] database query slow (req-291)
2026-09-08 04:00:00 [INFO] session expired (req-292)
2026-09-08 05:00:00 [INFO] request completed (req-293)
2026-09-08 06:00:00 [INFO] connection reset by peer (req-294)
2026-09-08 07:00:00 [WARN] session expired (req-295)
2026-09-08 08:00:00 [INFO] disk usage high (req-296)
2026-09-08 00:00:00 [INFO] disk usage high (req-297)
2026-09-08 01:00:00 [INFO] cache miss on product page (req-298)
2026-09-08 02:00:00 [INFO] database query slow (req-299)
2026-09-08 03:00:00 [ERROR] database query slow (req-300)
2026-09-08 04:00:00 [INFO] session expired (req-301)
2026-09-08 05:00:00 [INFO] disk usage high (req-302)
2026-09-08 06:00:00 [INFO] request completed (req-303)
2026-09-08 07:00:00 [INFO] connection reset by peer (req-304)
2026-09-08 08:00:00 [INFO] payment gateway timeout (req-305)
2026-09-08 00:00:00 [ERROR] connection reset by peer (req-306)
2026-09-08 01:00:00 [WARN] user login successful (req-307)
2026-09-08 02:00:00 [INFO] disk usage high (req-308)
2026-09-08 03:00:00 [INFO] disk usage high (req-309)
2026-09-08 04:00:00 [INFO] cache miss on product page (req-310)
2026-09-08 05:00:00 [ERROR] user login successful (req-311)
2026-09-08 06:00:00 [INFO] connection reset by peer (req-312)
2026-09-08 07:00:00 [INFO] database query slow (req-313)
2026-09-08 08:00:00 [INFO] user login successful (req-314)
2026-09-08 00:00:00 [ERROR] request completed (req-315)
2026-09-08 01:00:00 [ERROR] database query slow (req-316)
2026-09-08 02:00:00 [INFO] disk usage high (req-317)
2026-09-08 03:00:00 [WARN] cache miss on product page (req-318)
2026-09-08 04:00:00 [ERROR] session expired (req-319)
2026-09-08 05:00:00 [INFO] connection reset by peer (req-320)
2026-09-08 06:00:00 [WARN] disk usage high (req-321)
2026-09-08 07:00:00 [INFO] session expired (req-322)
2026-09-08 08:00:00 [ERROR] cache miss on product page (req-323)
2026-09-08 00:00:00 [INFO] request completed (req-324)
2026-09-08 01:00:00 [WARN] user login successful (req-325)
2026-09-08 02:00:00 [INFO] user login successful (req-326)
2026-09-08 03:00:00 [WARN] connection reset by peer (req-327)
2026-09-08 04:00:00 [INFO] payment gateway timeout (req-328)
2026-09-08 05:00:00 [ERROR] connection reset by peer (req-329)
2026-09-08 06:00:00 [INFO] request completed (req-330)
2026-09-08 07:00:00 [INFO] database query slow (req-331)
2026-09-08 08:00:00 [INFO] disk usage high (req-332)
2026-09-08 00:00:00 [INFO] connection reset by peer (req-333)
2026-09-08 01:00:00 [WARN] connection reset by peer (req-334)
2026-09-08 02:00:00 [WARN] disk usage high (req-335)
2026-09-08 03:00:00 [ERROR] cache miss on product page (req-336)
2026-09-08 04:00:00 [ERROR] request completed (req-337)
2026-09-08 05:00:00 [INFO] session expired (req-338)
2026-09-08 06:00:00 [INFO] request completed (req-339)
2026-09-08 07:00:00 [INFO] cache miss on product page (req-340)
2026-09-08 08:00:00 [WARN] request completed (req-341)
2026-09-08 00:00:00 [INFO] request completed (req-342)
2026-09-08 01:00:00 [INFO] disk usage high (req-343)
2026-09-08 02:00:00 [INFO] cache miss on product page (req-344)
2026-09-08 03:00:00 [INFO] disk usage high (req-345)
2026-09-08 04:00:00 [WARN] payment gateway timeout (req-346)
2026-09-08 05:00:00 [INFO] session expired (req-347)
2026-09-08 06:00:00 [INFO] connection reset by peer (req-348)
2026-09-08 07:00:00 [ERROR] database query slow (req-349)
2026-09-08 08:00:00 [ERROR] disk usage high (req-350)
2026-09-08 00:00:00 [WARN] payment gateway timeout (req-351)
2026-09-08 01:00:00 [INFO] disk usage high (req-352)
2026-09-08 02:00:00 [INFO] payment gateway timeout (req-353)
2026-09-08 03:00:00 [INFO] session expired (req-354)
2026-09-08 04:00:00 [INFO] payment gateway timeout (req-355)
2026-09-08 05:00:00 [INFO] cache miss on product page (req-356)
2026-09-08 06:00:00 [INFO] connection reset by peer (req-357)
2026-09-08 07:00:00 [INFO] payment gateway timeout (req-358)
2026-09-08 08:00:00 [WARN] database query slow (req-359)
2026-09-08 00:00:00 [INFO] request completed (req-360)
2026-09-08 01:00:00 [ERROR] request completed (req-361)
2026-09-08 02:00:00 [INFO] session expired (req-362)
2026-09-08 03:00:00 [INFO] request completed (req-363)
2026-09-08 04:00:00 [WARN] session expired (req-364)
2026-09-08 05:00:00 [INFO] user login successful (req-365)
2026-09-08 06:00:00 [INFO] request completed (req-366)
2026-09-08 07:00:00 [INFO] cache miss on product page (req-367)
2026-09-08 08:00:00 [INFO] cache miss on product page (req-368)
2026-09-08 00:00:00 [INFO] payment gateway timeout (req-369)
2026-09-08 01:00:00 [WARN] payment gateway timeout (req-370)
2026-09-08 02:00:00 [WARN] disk usage high (req-371)
2026-09-08 03:00:00 [ERROR] user login successful (req-372)
2026-09-08 04:00:00 [INFO] database query slow (req-373)
2026-09-08 05:00:00 [WARN] cache miss on product page (req-374)
2026-09-08 06:00:00 [INFO] request completed (req-375)
2026-09-08 07:00:00 [ERROR] cache miss on product page (req-376)
2026-09-08 08:00:00 [INFO] request completed (req-377)
2026-09-08 00:00:00 [INFO] payment gateway timeout (req-378)
2026-09-08 01:00:00 [INFO] disk usage high (req-379)
2026-09-08 02:00:00 [INFO] payment gateway timeout (req-380)
2026-09-08 03:00:00 [INFO] session expired (req-381)
2026-09-08 04:00:00 [ERROR] database query slow (req-382)
2026-09-08 05:00:00 [INFO] payment gateway timeout (req-383)
2026-09-08 06:00:00 [WARN] connection reset by peer (req-384)
2026-09-08 07:00:00 [ERROR] user login successful (req-385)
2026-09-08 08:00:00 [INFO] disk usage high (req-386)
2026-09-08 00:00:00 [INFO] user login successful (req-387)
2026-09-08 01:00:00 [INFO] cache miss on product page (req-388)
2026-09-08 02:00:00 [INFO] request completed (req-389)
2026-09-08 03:00:00 [ERROR] connection reset by peer (req-390)
2026-09-08 04:00:00 [WARN] session expired (req-391)
2026-09-08 05:00:00 [INFO] database query slow (req-392)
2026-09-08 06:00:00 [INFO] connection reset by peer (req-393)
2026-09-08 07:00:00 [WARN] disk usage high (req-394)
2026-09-08 08:00:00 [WARN] cache miss on product page (req-395)
2026-09-08 00:00:00 [INFO] request completed (req-396)
2026-09-08 01:00:00 [ERROR] disk usage high (req-397)
2026-09-08 02:00:00 [INFO] session expired (req-398)
2026-09-08 03:00:00 [INFO] session expired (req-399)
2026-09-08 04:00:00 [INFO] payment gateway timeout (req-400)
2026-09-08 05:00:00 [WARN] payment gateway timeout (req-401)
2026-09-08 06:00:00 [INFO] user login successful (req-402)
2026-09-08 07:00:00 [INFO] session expired (req-403)
2026-09-08 08:00:00 [WARN] disk usage high (req-404)
2026-09-08 00:00:00 [INFO] connection reset by peer (req-405)
2026-09-08 01:00:00 [INFO] disk usage high (req-406)
2026-09-08 02:00:00 [INFO] database query slow (req-407)
2026-09-08 03:00:00 [INFO] request completed (req-408)
2026-09-08 04:00:00 [INFO] session expired (req-409)
2026-09-08 05:00:00 [INFO] user login successful (req-410)
2026-09-08 06:00:00 [INFO] connection reset by peer (req-411)
2026-09-08 07:00:00 [INFO] request completed (req-412)
2026-09-08 08:00:00 [INFO] database query slow (req-413)
2026-09-08 00:00:00 [INFO] cache miss on product page (req-414)
2026-09-08 01:00:00 [WARN] disk usage high (req-415)
2026-09-08 02:00:00 [INFO] disk usage high (req-416)
2026-09-08 03:00:00 [INFO] connection reset by peer (req-417)
2026-09-08 04:00:00 [INFO] session expired (req-418)
2026-09-08 05:00:00 [ERROR] connection reset by peer (req-419)
2026-09-08 06:00:00 [ERROR] disk usage high (req-420)
2026-09-08 07:00:00 [INFO] database query slow (req-421)
2026-09-08 08:00:00 [WARN] request completed (req-422)
2026-09-08 00:00:00 [INFO] request completed (req-423)
2026-09-08 01:00:00 [WARN] disk usage high (req-424)
2026-09-08 02:00:00 [INFO] disk usage high (req-425)
2026-09-08 03:00:00 [WARN] payment gateway timeout (req-426)
2026-09-08 04:00:00 [INFO] user login successful (req-427)
2026-09-08 05:00:00 [INFO] request completed (req-428)
2026-09-08 06:00:00 [INFO] session expired (req-429)
2026-09-08 07:00:00 [INFO] request completed (req-430)
2026-09-08 08:00:00 [INFO] database query slow (req-431)
2026-09-08 00:00:00 [INFO] session expired (req-432)
2026-09-08 01:00:00 [INFO] user login successful (req-433)
2026-09-08 02:00:00 [ERROR] cache miss on product page (req-434)
2026-09-08 03:00:00 [INFO] database query slow (req-435)
2026-09-08 04:00:00 [INFO] cache miss on product page (req-436)
2026-09-08 05:00:00 [INFO] request completed (req-437)
2026-09-08 06:00:00 [INFO] database query slow (req-438)
2026-09-08 07:00:00 [INFO] payment gateway timeout (req-439)
2026-09-08 08:00:00 [INFO] user login successful (req-440)
2026-09-08 00:00:00 [INFO] payment gateway timeout (req-441)
2026-09-08 01:00:00 [INFO] payment gateway timeout (req-442)
2026-09-08 02:00:00 [INFO] payment gateway timeout (req-443)
2026-09-08 03:00:00 [WARN] database query slow (req-444)
2026-09-08 04:00:00 [WARN] payment gateway timeout (req-445)
2026-09-08 05:00:00 [INFO] session expired (req-446)
2026-09-08 06:00:00 [INFO] cache miss on product page (req-447)
2026-09-08 07:00:00 [INFO] payment gateway timeout (req-448)
2026-09-08 08:00:00 [WARN] connection reset by peer (req-449)
2026-09-08 00:00:00 [INFO] cache miss on product page (req-450)
2026-09-08 01:00:00 [WARN] user login successful (req-451)
2026-09-08 02:00:00 [INFO] session expired (req-452)
2026-09-08 03:00:00 [INFO] request completed (req-453)
2026-09-08 04:00:00 [INFO] request completed (req-454)
2026-09-08 05:00:00 [WARN] cache miss on product page (req-455)
2026-09-08 06:00:00 [INFO] session expired (req-456)
2026-09-08 07:00:00 [INFO] cache miss on product page (req-457)
2026-09-08 08:00:00 [INFO] connection reset by peer (req-458)
2026-09-08 00:00:00 [INFO] connection reset by peer (req-459)
2026-09-08 01:00:00 [ERROR] connection reset by peer (req-460)
2026-09-08 02:00:00 [WARN] session expired (req-461)
2026-09-08 03:00:00 [INFO] request completed (req-462)
2026-09-08 04:00:00 [INFO] request completed (req-463)
2026-09-08 05:00:00 [INFO] connection reset by peer (req-464)
2026-09-08 06:00:00 [WARN] user login successful (req-465)
2026-09-08 07:00:00 [WARN] request completed (req-466)
2026-09-08 08:00:00 [INFO] user login successful (req-467)
2026-09-08 00:00:00 [INFO] cache miss on product page (req-468)
2026-09-08 01:00:00 [WARN] database query slow (req-469)
2026-09-08 02:00:00 [INFO] request completed (req-470)
2026-09-08 03:00:00 [INFO] session expired (req-471)
2026-09-08 04:00:00 [INFO] cache miss on product page (req-472)
2026-09-08 05:00:00 [INFO] payment gateway timeout (req-473)
2026-09-08 06:00:00 [INFO] cache miss on product page (req-474)
2026-09-08 07:00:00 [INFO] payment gateway timeout (req-475)
2026-09-08 08:00:00 [ERROR] payment gateway timeout (req-476)
2026-09-08 00:00:00 [INFO] cache miss on product page (req-477)
2026-09-08 01:00:00 [INFO] session expired (req-478)
2026-09-08 02:00:00 [INFO] database query slow (req-479)
2026-09-08 03:00:00 [INFO] disk usage high (req-480)
2026-09-08 04:00:00 [INFO] database query slow (req-481)
2026-09-08 05:00:00 [WARN] payment gateway timeout (req-482)
2026-09-08 06:00:00 [ERROR] session expired (req-483)
2026-09-08 07:00:00 [INFO] user login successful (req-484)
2026-09-08 08:00:00 [INFO] payment gateway timeout (req-485)
2026-09-08 00:00:00 [INFO] database query slow (req-486)
2026-09-08 01:00:00 [INFO] request completed (req-487)
2026-09-08 02:00:00 [INFO] payment gateway timeout (req-488)
2026-09-08 03:00:00 [INFO] user login successful (req-489)
2026-09-08 04:00:00 [WARN] user login successful (req-490)
2026-09-08 05:00:00 [INFO] session expired (req-491)
2026-09-08 06:00:00 [INFO] session expired (req-492)
2026-09-08 07:00:00 [INFO] session expired (req-493)
2026-09-08 08:00:00 [ERROR] database query slow (req-494)
2026-09-08 00:00:00 [INFO] user login successful (req-495)
2026-09-08 01:00:00 [INFO] request completed (req-496)
2026-09-08 02:00:00 [INFO] request completed (req-497)
2026-09-08 03:00:00 [INFO] disk usage high (req-498)
2026-09-08 04:00:00 [INFO] user login successful (req-499)
2026-09-08 05:00:00 [INFO] disk usage high (req-500)
2026-09-08 06:00:00 [INFO] session expired (req-501)
2026-09-08 07:00:00 [WARN] payment gateway timeout (req-502)
2026-09-08 08:00:00 [INFO] request completed (req-503)
2026-09-08 00:00:00 [ERROR] connection reset by peer (req-504)
2026-09-08 01:00:00 [INFO] cache miss on product page (req-505)
2026-09-08 02:00:00 [INFO] user login successful (req-506)
2026-09-08 03:00:00 [WARN] session expired (req-507)
2026-09-08 04:00:00 [INFO] payment gateway timeout (req-508)
2026-09-08 05:00:00 [INFO] request completed (req-509)
2026-09-08 06:00:00 [INFO] session expired (req-510)
2026-09-08 07:00:00 [INFO] connection reset by peer (req-511)
2026-09-08 08:00:00 [INFO] connection reset by peer (req-512)
2026-09-08 00:00:00 [INFO] session expired (req-513)
2026-09-08 01:00:00 [ERROR] session expired (req-514)
2026-09-08 02:00:00 [INFO] connection reset by peer (req-515)
2026-09-08 03:00:00 [INFO] session expired (req-516)
2026-09-08 04:00:00 [INFO] disk usage high (req-517)
2026-09-08 05:00:00 [WARN] connection reset by peer (req-518)
2026-09-08 06:00:00 [INFO] cache miss on product page (req-519)
2026-09-08 07:00:00 [INFO] session expired (req-520)
2026-09-08 08:00:00 [INFO] payment gateway timeout (req-521)
2026-09-08 00:00:00 [INFO] user login successful (req-522)
2026-09-08 01:00:00 [INFO] database query slow (req-523)
2026-09-08 02:00:00 [INFO] session expired (req-524)
2026-09-08 03:00:00 [INFO] cache miss on product page (req-525)
2026-09-08 04:00:00 [INFO] disk usage high (req-526)
2026-09-08 05:00:00 [INFO] database query slow (req-527)
2026-09-08 06:00:00 [ERROR] database query slow (req-528)
2026-09-08 07:00:00 [INFO] user login successful (req-529)
2026-09-08 08:00:00 [INFO] database query slow (req-530)
2026-09-08 00:00:00 [ERROR] session expired (req-531)
2026-09-08 01:00:00 [WARN] disk usage high (req-532)
2026-09-08 02:00:00 [INFO] request completed (req-533)
2026-09-08 03:00:00 [INFO] session expired (req-534)
2026-09-08 04:00:00 [ERROR] database query slow (req-535)
2026-09-08 05:00:00 [INFO] payment gateway timeout (req-536)
2026-09-08 06:00:00 [INFO] database query slow (req-537)
2026-09-08 07:00:00 [ERROR] payment gateway timeout (req-538)
2026-09-08 08:00:00 [INFO] cache miss on product page (req-539)
2026-09-08 00:00:00 [INFO] user login successful (req-540)
2026-09-08 01:00:00 [INFO] session expired (req-541)
2026-09-08 02:00:00 [INFO] request completed (req-542)
2026-09-08 03:00:00 [INFO] disk usage high (req-543)
2026-09-08 04:00:00 [INFO] session expired (req-544)
2026-09-08 05:00:00 [WARN] disk usage high (req-545)
2026-09-08 06:00:00 [INFO] payment gateway timeout (req-546)
2026-09-08 07:00:00 [INFO] user login successful (req-547)
2026-09-08 08:00:00 [INFO] user login successful (req-548)
2026-09-08 00:00:00 [INFO] connection reset by peer (req-549)
2026-09-08 01:00:00 [INFO] connection reset by peer (req-550)
2026-09-08 02:00:00 [INFO] session expired (req-551)
2026-09-08 03:00:00 [INFO] session expired (req-552)
2026-09-08 04:00:00 [INFO] user login successful (req-553)
2026-09-08 05:00:00 [INFO] session expired (req-554)
2026-09-08 06:00:00 [INFO] disk usage high (req-555)
2026-09-08 07:00:00 [INFO] payment gateway timeout (req-556)
2026-09-08 08:00:00 [INFO] session expired (req-557)
2026-09-08 00:00:00 [INFO] cache miss on product page (req-558)
2026-09-08 01:00:00 [INFO] disk usage high (req-559)
2026-09-08 02:00:00 [INFO] disk usage high (req-560)
2026-09-08 03:00:00 [ERROR] payment gateway timeout (req-561)
2026-09-08 04:00:00 [INFO] payment gateway timeout (req-562)
2026-09-08 05:00:00 [INFO] request completed (req-563)
2026-09-08 06:00:00 [WARN] user login successful (req-564)
2026-09-08 07:00:00 [INFO] cache miss on product page (req-565)
2026-09-08 08:00:00 [INFO] connection reset by peer (req-566)
2026-09-08 00:00:00 [WARN] user login successful (req-567)
2026-09-08 01:00:00 [INFO] cache miss on product page (req-568)
2026-09-08 02:00:00 [INFO] session expired (req-569)
2026-09-08 03:00:00 [INFO] connection reset by peer (req-570)
2026-09-08 04:00:00 [INFO] payment gateway timeout (req-571)
2026-09-08 05:00:00 [INFO] cache miss on product page (req-572)
2026-09-08 06:00:00 [INFO] connection reset by peer (req-573)
2026-09-08 07:00:00 [INFO] payment gateway timeout (req-574)
2026-09-08 08:00:00 [INFO] payment gateway timeout (req-575)
2026-09-08 00:00:00 [INFO] disk usage high (req-576)
2026-09-08 01:00:00 [INFO] payment gateway timeout (req-577)
2026-09-08 02:00:00 [INFO] user login successful (req-578)
2026-09-08 03:00:00 [INFO] cache miss on product page (req-579)
2026-09-08 04:00:00 [INFO] connection reset by peer (req-580)
2026-09-08 05:00:00 [INFO] request completed (req-581)
2026-09-08 06:00:00 [INFO] cache miss on product page (req-582)
2026-09-08 07:00:00 [ERROR] request completed (req-583)
2026-09-08 08:00:00 [INFO] request completed (req-584)
2026-09-08 00:00:00 [INFO] request completed (req-585)
2026-09-08 01:00:00 [INFO] request completed (req-586)
2026-09-08 02:00:00 [WARN] payment gateway timeout (req-587)
2026-09-08 03:00:00 [INFO] cache miss on product page (req-588)
2026-09-08 04:00:00 [INFO] session expired (req-589)
2026-09-08 05:00:00 [INFO] user login successful (req-590)
2026-09-08 06:00:00 [INFO] database query slow (req-591)
2026-09-08 07:00:00 [WARN] disk usage high (req-592)
2026-09-08 08:00:00 [ERROR] connection reset by peer (req-593)
2026-09-08 00:00:00 [INFO] connection reset by peer (req-594)
2026-09-08 01:00:00 [INFO] payment gateway timeout (req-595)
2026-09-08 02:00:00 [INFO] connection reset by peer (req-596)
2026-09-08 03:00:00 [ERROR] cache miss on product page (req-597)
2026-09-08 04:00:00 [INFO] cache miss on product page (req-598)
2026-09-08 05:00:00 [INFO] user login successful (req-599)
2026-09-08 06:00:00 [INFO] session expired (req-600)
2026-09-08 07:00:00 [WARN] disk usage high (req-601)
2026-09-08 08:00:00 [INFO] request completed (req-602)
2026-09-08 00:00:00 [INFO] payment gateway timeout (req-603)
2026-09-08 01:00:00 [INFO] database query slow (req-604)
2026-09-08 02:00:00 [WARN] cache miss on product page (req-605)
2026-09-08 03:00:00 [ERROR] user login successful (req-606)
2026-09-08 04:00:00 [INFO] cache miss on product page (req-607)
2026-09-08 05:00:00 [INFO] cache miss on product page (req-608)
2026-09-08 06:00:00 [WARN] payment gateway timeout (req-609)
2026-09-08 07:00:00 [INFO] payment gateway timeout (req-610)
2026-09-08 08:00:00 [WARN] cache miss on product page (req-611)
2026-09-08 00:00:00 [WARN] cache miss on product page (req-612)
2026-09-08 01:00:00 [WARN] disk usage high (req-613)
2026-09-08 02:00:00 [INFO] payment gateway timeout (req-614)
2026-09-08 03:00:00 [INFO] connection reset by peer (req-615)
2026-09-08 04:00:00 [INFO] disk usage high (req-616)
2026-09-08 05:00:00 [INFO] request completed (req-617)
2026-09-08 06:00:00 [INFO] request completed (req-618)
2026-09-08 07:00:00 [INFO] payment gateway timeout (req-619)
2026-09-08 08:00:00 [INFO] connection reset by peer (req-620)
2026-09-08 00:00:00 [INFO] session expired (req-621)
2026-09-08 01:00:00 [INFO] payment gateway timeout (req-622)
2026-09-08 02:00:00 [INFO] disk usage high (req-623)
2026-09-08 03:00:00 [INFO] session expired (req-624)
2026-09-08 04:00:00 [ERROR] database query slow (req-625)
2026-09-08 05:00:00 [INFO] session expired (req-626)
2026-09-08 06:00:00 [INFO] payment gateway timeout (req-627)
2026-09-08 07:00:00 [INFO] connection reset by peer (req-628)
2026-09-08 08:00:00 [WARN] session expired (req-629)
2026-09-08 00:00:00 [INFO] cache miss on product page (req-630)
2026-09-08 01:00:00 [INFO] session expired (req-631)
2026-09-08 02:00:00 [INFO] connection reset by peer (req-632)
2026-09-08 03:00:00 [WARN] payment gateway timeout (req-633)
2026-09-08 04:00:00 [INFO] payment gateway timeout (req-634)
2026-09-08 05:00:00 [INFO] payment gateway timeout (req-635)
2026-09-08 06:00:00 [INFO] cache miss on product page (req-636)
2026-09-08 07:00:00 [INFO] user login successful (req-637)
2026-09-08 08:00:00 [INFO] database query slow (req-638)
2026-09-08 00:00:00 [INFO] connection reset by peer (req-639)
2026-09-08 01:00:00 [INFO] connection reset by peer (req-640)
2026-09-08 02:00:00 [INFO] session expired (req-641)
2026-09-08 03:00:00 [INFO] connection reset by peer (req-642)
2026-09-08 04:00:00 [INFO] request completed (req-643)
2026-09-08 05:00:00 [INFO] request completed (req-644)
2026-09-08 06:00:00 [INFO] user login successful (req-645)
2026-09-08 07:00:00 [INFO] cache miss on product page (req-646)
2026-09-08 08:00:00 [INFO] session expired (req-647)
2026-09-08 00:00:00 [INFO] request completed (req-648)
2026-09-08 01:00:00 [INFO] database query slow (req-649)
2026-09-08 02:00:00 [INFO] disk usage high (req-650)
2026-09-08 03:00:00 [INFO] database query slow (req-651)
2026-09-08 04:00:00 [INFO] connection reset by peer (req-652)
2026-09-08 05:00:00 [ERROR] disk usage high (req-653)
2026-09-08 06:00:00 [INFO] request completed (req-654)
2026-09-08 07:00:00 [INFO] cache miss on product page (req-655)
2026-09-08 08:00:00 [INFO] user login successful (req-656)
2026-09-08 00:00:00 [WARN] disk usage high (req-657)
2026-09-08 01:00:00 [ERROR] connection reset by peer (req-658)
2026-09-08 02:00:00 [INFO] database query slow (req-659)
2026-09-08 03:00:00 [INFO] disk usage high (req-660)
2026-09-08 04:00:00 [INFO] session expired (req-661)
2026-09-08 05:00:00 [INFO] disk usage high (req-662)
2026-09-08 06:00:00 [INFO] disk usage high (req-663)
2026-09-08 07:00:00 [INFO] request completed (req-664)
2026-09-08 08:00:00 [INFO] request completed (req-665)
2026-09-08 00:00:00 [INFO] database query slow (req-666)
2026-09-08 01:00:00 [INFO] user login successful (req-667)
2026-09-08 02:00:00 [INFO] request completed (req-668)
2026-09-08 03:00:00 [INFO] session expired (req-669)
2026-09-08 04:00:00 [ERROR] session expired (req-670)
2026-09-08 05:00:00 [INFO] user login successful (req-671)
2026-09-08 06:00:00 [INFO] payment gateway timeout (req-672)
2026-09-08 07:00:00 [INFO] connection reset by peer (req-673)
2026-09-08 08:00:00 [ERROR] connection reset by peer (req-674)
2026-09-08 00:00:00 [ERROR] payment gateway timeout (req-675)
2026-09-08 01:00:00 [INFO] connection reset by peer (req-676)
2026-09-08 02:00:00 [INFO] user login successful (req-677)
2026-09-08 03:00:00 [INFO] request completed (req-678)
2026-09-08 04:00:00 [WARN] disk usage high (req-679)
2026-09-08 05:00:00 [INFO] database query slow (req-680)
2026-09-08 06:00:00 [INFO] connection reset by peer (req-681)
2026-09-08 07:00:00 [WARN] request completed (req-682)
2026-09-08 08:00:00 [INFO] request completed (req-683)
2026-09-08 00:00:00 [INFO] connection reset by peer (req-684)
2026-09-08 01:00:00 [INFO] payment gateway timeout (req-685)
2026-09-08 02:00:00 [INFO] connection reset by peer (req-686)
2026-09-08 03:00:00 [ERROR] connection reset by peer (req-687)
2026-09-08 04:00:00 [INFO] connection reset by peer (req-688)
2026-09-08 05:00:00 [ERROR] session expired (req-689)
2026-09-08 06:00:00 [WARN] user login successful (req-690)
2026-09-08 07:00:00 [INFO] session expired (req-691)
2026-09-08 08:00:00 [WARN] connection reset by peer (req-692)
2026-09-08 00:00:00 [INFO] payment gateway timeout (req-693)
2026-09-08 01:00:00 [INFO] request completed (req-694)
2026-09-08 02:00:00 [ERROR] session expired (req-695)
2026-09-08 03:00:00 [INFO] user login successful (req-696)
2026-09-08 04:00:00 [INFO] payment gateway timeout (req-697)
2026-09-08 05:00:00 [ERROR] connection reset by peer (req-698)
2026-09-08 06:00:00 [INFO] disk usage high (req-699)
2026-09-08 07:00:00 [INFO] payment gateway timeout (req-700)
2026-09-08 08:00:00 [INFO] connection reset by peer (req-701)
2026-09-08 00:00:00 [INFO] user login successful (req-702)
2026-09-08 01:00:00 [INFO] connection reset by peer (req-703)
2026-09-08 02:00:00 [INFO] cache miss on product page (req-704)
2026-09-08 03:00:00 [INFO] disk usage high (req-705)
2026-09-08 04:00:00 [ERROR] database query slow (req-706)
2026-09-08 05:00:00 [INFO] connection reset by peer (req-707)
2026-09-08 06:00:00 [WARN] cache miss on product page (req-708)
2026-09-08 07:00:00 [INFO] cache miss on product page (req-709)
2026-09-08 08:00:00 [INFO] cache miss on product page (req-710)
2026-09-08 00:00:00 [INFO] user login successful (req-711)
2026-09-08 01:00:00 [INFO] disk usage high (req-712)
2026-09-08 02:00:00 [WARN] database query slow (req-713)
2026-09-08 03:00:00 [WARN] payment gateway timeout (req-714)
2026-09-08 04:00:00 [INFO] request completed (req-715)
2026-09-08 05:00:00 [INFO] user login successful (req-716)
2026-09-08 06:00:00 [INFO] session expired (req-717)
2026-09-08 07:00:00 [INFO] user login successful (req-718)
2026-09-08 08:00:00 [INFO] database query slow (req-719)
2026-09-08 00:00:00 [INFO] user login successful (req-720)
2026-09-08 01:00:00 [INFO] disk usage high (req-721)
2026-09-08 02:00:00 [INFO] request completed (req-722)
2026-09-08 03:00:00 [WARN] request completed (req-723)
2026-09-08 04:00:00 [INFO] disk usage high (req-724)
2026-09-08 05:00:00 [WARN] database query slow (req-725)
2026-09-08 06:00:00 [INFO] connection reset by peer (req-726)
2026-09-08 07:00:00 [INFO] payment gateway timeout (req-727)
2026-09-08 08:00:00 [INFO] connection reset by peer (req-728)
2026-09-08 00:00:00 [INFO] request completed (req-729)
2026-09-08 01:00:00 [ERROR] session expired (req-730)
2026-09-08 02:00:00 [INFO] cache miss on product page (req-731)
2026-09-08 03:00:00 [INFO] cache miss on product page (req-732)
2026-09-08 04:00:00 [INFO] user login successful (req-733)
2026-09-08 05:00:00 [WARN] connection reset by peer (req-734)
2026-09-08 06:00:00 [WARN] session expired (req-735)
2026-09-08 07:00:00 [INFO] disk usage high (req-736)
2026-09-08 08:00:00 [INFO] request completed (req-737)
2026-09-08 00:00:00 [WARN] cache miss on product page (req-738)
2026-09-08 01:00:00 [WARN] database query slow (req-739)
2026-09-08 02:00:00 [WARN] user login successful (req-740)
2026-09-08 03:00:00 [INFO] connection reset by peer (req-741)
2026-09-08 04:00:00 [INFO] cache miss on product page (req-742)
2026-09-08 05:00:00 [INFO] payment gateway timeout (req-743)
2026-09-08 06:00:00 [INFO] cache miss on product page (req-744)
2026-09-08 07:00:00 [INFO] session expired (req-745)
2026-09-08 08:00:00 [INFO] connection reset by peer (req-746)
2026-09-08 00:00:00 [WARN] connection reset by peer (req-747)
2026-09-08 01:00:00 [WARN] request completed (req-748)
2026-09-08 02:00:00 [INFO] request completed (req-749)
2026-09-08 03:00:00 [INFO] disk usage high (req-750)
2026-09-08 04:00:00 [INFO] session expired (req-751)
2026-09-08 05:00:00 [INFO] session expired (req-752)
2026-09-08 06:00:00 [INFO] session expired (req-753)
2026-09-08 07:00:00 [INFO] connection reset by peer (req-754)
2026-09-08 08:00:00 [WARN] user login successful (req-755)
2026-09-08 00:00:00 [INFO] session expired (req-756)
2026-09-08 01:00:00 [INFO] disk usage high (req-757)
2026-09-08 02:00:00 [INFO] database query slow (req-758)
2026-09-08 03:00:00 [INFO] cache miss on product page (req-759)
2026-09-08 04:00:00 [ERROR] database query slow (req-760)
2026-09-08 05:00:00 [INFO] session expired (req-761)
2026-09-08 06:00:00 [INFO] payment gateway timeout (req-762)
2026-09-08 07:00:00 [WARN] connection reset by peer (req-763)
2026-09-08 08:00:00 [INFO] request completed (req-764)
2026-09-08 00:00:00 [INFO] cache miss on product page (req-765)
2026-09-08 01:00:00 [INFO] request completed (req-766)
2026-09-08 02:00:00 [WARN] user login successful (req-767)
2026-09-08 03:00:00 [INFO] user login successful (req-768)
2026-09-08 04:00:00 [WARN] user login successful (req-769)
2026-09-08 05:00:00 [INFO] user login successful (req-770)
2026-09-08 06:00:00 [WARN] user login successful (req-771)
2026-09-08 07:00:00 [INFO] connection reset by peer (req-772)
2026-09-08 08:00:00 [INFO] database query slow (req-773)
2026-09-08 00:00:00 [WARN] user login successful (req-774)
2026-09-08 01:00:00 [INFO] user login successful (req-775)
2026-09-08 02:00:00 [WARN] database query slow (req-776)
2026-09-08 03:00:00 [ERROR] request completed (req-777)
2026-09-08 04:00:00 [INFO] cache miss on product page (req-778)
2026-09-08 05:00:00 [INFO] cache miss on product page (req-779)
2026-09-08 06:00:00 [INFO] user login successful (req-780)
2026-09-08 07:00:00 [INFO] payment gateway timeout (req-781)
2026-09-08 08:00:00 [WARN] cache miss on product page (req-782)
2026-09-08 00:00:00 [INFO] user login successful (req-783)
2026-09-08 01:00:00 [INFO] request completed (req-784)
2026-09-08 02:00:00 [ERROR] disk usage high (req-785)
2026-09-08 03:00:00 [WARN] payment gateway timeout (req-786)
2026-09-08 04:00:00 [WARN] user login successful (req-787)
2026-09-08 05:00:00 [INFO] disk usage high (req-788)
2026-09-08 06:00:00 [INFO] user login successful (req-789)
2026-09-08 07:00:00 [INFO] session expired (req-790)
2026-09-08 08:00:00 [WARN] session expired (req-791)
2026-09-08 00:00:00 [INFO] disk usage high (req-792)
2026-09-08 01:00:00 [INFO] disk usage high (req-793)
2026-09-08 02:00:00 [INFO] cache miss on product page (req-794)
2026-09-08 03:00:00 [INFO] request completed (req-795)
2026-09-08 04:00:00 [INFO] database query slow (req-796)
2026-09-08 05:00:00 [INFO] session expired (req-797)
2026-09-08 06:00:00 [INFO] cache miss on product page (req-798)
2026-09-08 07:00:00 [INFO] cache miss on product page (req-799)
2026-09-08 08:00:00 [WARN] session expired (req-800)
2026-09-08 00:00:00 [INFO] connection reset by peer (req-801)
2026-09-08 01:00:00 [WARN] cache miss on product page (req-802)
2026-09-08 02:00:00 [WARN] disk usage high (req-803)
2026-09-08 03:00:00 [ERROR] request completed (req-804)
2026-09-08 04:00:00 [WARN] database query slow (req-805)
2026-09-08 05:00:00 [INFO] disk usage high (req-806)
2026-09-08 06:00:00 [INFO] cache miss on product page (req-807)
2026-09-08 07:00:00 [INFO] user login successful (req-808)
2026-09-08 08:00:00 [INFO] session expired (req-809)
2026-09-08 00:00:00 [INFO] user login successful (req-810)
2026-09-08 01:00:00 [INFO] user login successful (req-811)
2026-09-08 02:00:00 [INFO] database query slow (req-812)
2026-09-08 03:00:00 [WARN] cache miss on product page (req-813)
2026-09-08 04:00:00 [INFO] payment gateway timeout (req-814)
2026-09-08 05:00:00 [INFO] disk usage high (req-815)
2026-09-08 06:00:00 [INFO] session expired (req-816)
2026-09-08 07:00:00 [WARN] connection reset by peer (req-817)
2026-09-08 08:00:00 [INFO] payment gateway timeout (req-818)
2026-09-08 00:00:00 [INFO] payment gateway timeout (req-819)
2026-09-08 01:00:00 [INFO] session expired (req-820)
2026-09-08 02:00:00 [INFO] database query slow (req-821)
2026-09-08 03:00:00 [INFO] session expired (req-822)
2026-09-08 04:00:00 [INFO] payment gateway timeout (req-823)
2026-09-08 05:00:00 [INFO] cache miss on product page (req-824)
2026-09-08 06:00:00 [INFO] session expired (req-825)
2026-09-08 07:00:00 [INFO] user login successful (req-826)
2026-09-08 08:00:00 [WARN] disk usage high (req-827)
2026-09-08 00:00:00 [WARN] session expired (req-828)
2026-09-08 01:00:00 [INFO] connection reset by peer (req-829)
2026-09-08 02:00:00 [INFO] disk usage high (req-830)
2026-09-08 03:00:00 [WARN] session expired (req-831)
2026-09-08 04:00:00 [INFO] request completed (req-832)
2026-09-08 05:00:00 [WARN] request completed (req-833)
2026-09-08 06:00:00 [WARN] session expired (req-834)
2026-09-08 07:00:00 [INFO] connection reset by peer (req-835)
2026-09-08 08:00:00 [WARN] request completed (req-836)
2026-09-08 00:00:00 [ERROR] database query slow (req-837)
2026-09-08 01:00:00 [ERROR] cache miss on product page (req-838)
2026-09-08 02:00:00 [INFO] disk usage high (req-839)
2026-09-08 03:00:00 [INFO] disk usage high (req-840)
2026-09-08 04:00:00 [WARN] connection reset by peer (req-841)
2026-09-08 05:00:00 [ERROR] database query slow (req-842)
2026-09-08 06:00:00 [WARN] cache miss on product page (req-843)
2026-09-08 07:00:00 [INFO] cache miss on product page (req-844)
2026-09-08 08:00:00 [INFO] connection reset by peer (req-845)
2026-09-08 00:00:00 [WARN] database query slow (req-846)
2026-09-08 01:00:00 [INFO] connection reset by peer (req-847)
2026-09-08 02:00:00 [WARN] database query slow (req-848)
2026-09-08 03:00:00 [INFO] cache miss on product page (req-849)
2026-09-08 04:00:00 [INFO] cache miss on product page (req-850)
2026-09-08 05:00:00 [INFO] payment gateway timeout (req-851)
2026-09-08 06:00:00 [INFO] request completed (req-852)
2026-09-08 07:00:00 [INFO] user login successful (req-853)
2026-09-08 08:00:00 [INFO] connection reset by peer (req-854)
2026-09-08 00:00:00 [INFO] connection reset by peer (req-855)
2026-09-08 01:00:00 [ERROR] database query slow (req-856)
2026-09-08 02:00:00 [INFO] request completed (req-857)
2026-09-08 03:00:00 [INFO] request completed (req-858)
2026-09-08 04:00:00 [INFO] database query slow (req-859)
2026-09-08 05:00:00 [INFO] user login successful (req-860)
2026-09-08 06:00:00 [INFO] connection reset by peer (req-861)
2026-09-08 07:00:00 [INFO] database query slow (req-862)
2026-09-08 08:00:00 [INFO] session expired (req-863)
2026-09-08 00:00:00 [WARN] disk usage high (req-864)
2026-09-08 01:00:00 [ERROR] payment gateway timeout (req-865)
2026-09-08 02:00:00 [INFO] connection reset by peer (req-866)
2026-09-08 03:00:00 [INFO] payment gateway timeout (req-867)
2026-09-08 04:00:00 [INFO] disk usage high (req-868)
2026-09-08 05:00:00 [WARN] database query slow (req-869)
2026-09-08 06:00:00 [WARN] payment gateway timeout (req-870)
2026-09-08 07:00:00 [INFO] cache miss on product page (req-871)
2026-09-08 08:00:00 [INFO] disk usage high (req-872)
2026-09-08 00:00:00 [WARN] cache miss on product page (req-873)
2026-09-08 01:00:00 [WARN] disk usage high (req-874)
2026-09-08 02:00:00 [INFO] user login successful (req-875)
2026-09-08 03:00:00 [WARN] user login successful (req-876)
2026-09-08 04:00:00 [INFO] disk usage high (req-877)
2026-09-08 05:00:00 [INFO] user login successful (req-878)
2026-09-08 06:00:00 [ERROR] request completed (req-879)
2026-09-08 07:00:00 [INFO] disk usage high (req-880)
2026-09-08 08:00:00 [INFO] request completed (req-881)
2026-09-08 00:00:00 [INFO] disk usage high (req-882)
2026-09-08 01:00:00 [INFO] user login successful (req-883)
2026-09-08 02:00:00 [WARN] database query slow (req-884)
2026-09-08 03:00:00 [INFO] database query slow (req-885)
2026-09-08 04:00:00 [INFO] request completed (req-886)
2026-09-08 05:00:00 [INFO] session expired (req-887)
2026-09-08 06:00:00 [INFO] database query slow (req-888)
2026-09-08 07:00:00 [INFO] connection reset by peer (req-889)
2026-09-08 08:00:00 [INFO] cache miss on product page (req-890)
2026-09-08 00:00:00 [INFO] session expired (req-891)
2026-09-08 01:00:00 [WARN] session expired (req-892)
2026-09-08 02:00:00 [INFO] connection reset by peer (req-893)
2026-09-08 03:00:00 [INFO] session expired (req-894)
2026-09-08 04:00:00 [INFO] payment gateway timeout (req-895)
2026-09-08 05:00:00 [INFO] database query slow (req-896)
2026-09-08 06:00:00 [INFO] disk usage high (req-897)
2026-09-08 07:00:00 [INFO] database query slow (req-898)
2026-09-08 08:00:00 [ERROR] payment gateway timeout (req-899)
2026-09-08 00:00:00 [INFO] database query slow (req-900)
2026-09-08 01:00:00 [WARN] connection reset by peer (req-901)
2026-09-08 02:00:00 [INFO] user login successful (req-902)
2026-09-08 03:00:00 [INFO] user login successful (req-903)
2026-09-08 04:00:00 [INFO] session expired (req-904)
2026-09-08 05:00:00 [INFO] user login successful (req-905)
2026-09-08 06:00:00 [INFO] connection reset by peer (req-906)
2026-09-08 07:00:00 [ERROR] connection reset by peer (req-907)
2026-09-08 08:00:00 [INFO] database query slow (req-908)
2026-09-08 00:00:00 [INFO] cache miss on product page (req-909)
2026-09-08 01:00:00 [INFO] disk usage high (req-910)
2026-09-08 02:00:00 [INFO] user login successful (req-911)
2026-09-08 03:00:00 [INFO] user login successful (req-912)
2026-09-08 04:00:00 [INFO] cache miss on product page (req-913)
2026-09-08 05:00:00 [ERROR] cache miss on product page (req-914)
2026-09-08 06:00:00 [INFO] disk usage high (req-915)
2026-09-08 07:00:00 [INFO] session expired (req-916)
2026-09-08 08:00:00 [INFO] user login successful (req-917)
2026-09-08 00:00:00 [WARN] cache miss on product page (req-918)
2026-09-08 01:00:00 [INFO] request completed (req-919)
2026-09-08 02:00:00 [INFO] session expired (req-920)
2026-09-08 03:00:00 [ERROR] payment gateway timeout (req-921)
2026-09-08 04:00:00 [INFO] payment gateway timeout (req-922)
2026-09-08 05:00:00 [INFO] disk usage high (req-923)
2026-09-08 06:00:00 [INFO] disk usage high (req-924)
2026-09-08 07:00:00 [INFO] disk usage high (req-925)
2026-09-08 08:00:00 [ERROR] session expired (req-926)
2026-09-08 00:00:00 [INFO] cache miss on product page (req-927)
2026-09-08 01:00:00 [INFO] cache miss on product page (req-928)
2026-09-08 02:00:00 [INFO] request completed (req-929)
2026-09-08 03:00:00 [INFO] session expired (req-930)
2026-09-08 04:00:00 [INFO] disk usage high (req-931)
2026-09-08 05:00:00 [INFO] payment gateway timeout (req-932)
2026-09-08 06:00:00 [ERROR] connection reset by peer (req-933)
2026-09-08 07:00:00 [ERROR] session expired (req-934)
2026-09-08 08:00:00 [INFO] database query slow (req-935)
2026-09-08 00:00:00 [INFO] cache miss on product page (req-936)
2026-09-08 01:00:00 [INFO] cache miss on product page (req-937)
2026-09-08 02:00:00 [INFO] connection reset by peer (req-938)
2026-09-08 03:00:00 [INFO] database query slow (req-939)
2026-09-08 04:00:00 [INFO] disk usage high (req-940)
2026-09-08 05:00:00 [WARN] user login successful (req-941)
2026-09-08 06:00:00 [ERROR] connection reset by peer (req-942)
2026-09-08 07:00:00 [INFO] disk usage high (req-943)
2026-09-08 08:00:00 [INFO] user login successful (req-944)
2026-09-08 00:00:00 [INFO] request completed (req-945)
2026-09-08 01:00:00 [INFO] session expired (req-946)
2026-09-08 02:00:00 [WARN] session expired (req-947)
2026-09-08 03:00:00 [ERROR] disk usage high (req-948)
2026-09-08 04:00:00 [INFO] connection reset by peer (req-949)
2026-09-08 05:00:00 [WARN] payment gateway timeout (req-950)
2026-09-08 06:00:00 [INFO] user login successful (req-951)
2026-09-08 07:00:00 [WARN] cache miss on product page (req-952)
2026-09-08 08:00:00 [WARN] request completed (req-953)
2026-09-08 00:00:00 [INFO] user login successful (req-954)
2026-09-08 01:00:00 [INFO] user login successful (req-955)
2026-09-08 02:00:00 [INFO] cache miss on product page (req-956)
2026-09-08 03:00:00 [INFO] payment gateway timeout (req-957)
2026-09-08 04:00:00 [INFO] cache miss on product page (req-958)
2026-09-08 05:00:00 [INFO] database query slow (req-959)
2026-09-08 06:00:00 [INFO] database query slow (req-960)
2026-09-08 07:00:00 [INFO] connection reset by peer (req-961)
2026-09-08 08:00:00 [INFO] session expired (req-962)
2026-09-08 00:00:00 [INFO] database query slow (req-963)
2026-09-08 01:00:00 [INFO] payment gateway timeout (req-964)
2026-09-08 02:00:00 [INFO] cache miss on product page (req-965)
2026-09-08 03:00:00 [ERROR] cache miss on product page (req-966)
2026-09-08 04:00:00 [ERROR] user login successful (req-967)
2026-09-08 05:00:00 [INFO] session expired (req-968)
2026-09-08 06:00:00 [WARN] database query slow (req-969)
2026-09-08 07:00:00 [INFO] database query slow (req-970)
2026-09-08 08:00:00 [WARN] request completed (req-971)
2026-09-08 00:00:00 [WARN] payment gateway timeout (req-972)
2026-09-08 01:00:00 [ERROR] database query slow (req-973)
2026-09-08 02:00:00 [ERROR] request completed (req-974)
2026-09-08 03:00:00 [WARN] session expired (req-975)
2026-09-08 04:00:00 [INFO] request completed (req-976)
2026-09-08 05:00:00 [INFO] cache miss on product page (req-977)
2026-09-08 06:00:00 [INFO] user login successful (req-978)
2026-09-08 07:00:00 [INFO] cache miss on product page (req-979)
2026-09-08 08:00:00 [INFO] request completed (req-980)
2026-09-08 00:00:00 [INFO] session expired (req-981)
2026-09-08 01:00:00 [INFO] cache miss on product page (req-982)
2026-09-08 02:00:00 [INFO] disk usage high (req-983)
2026-09-08 03:00:00 [INFO] user login successful (req-984)
2026-09-08 04:00:00 [INFO] disk usage high (req-985)
2026-09-08 05:00:00 [ERROR] payment gateway timeout (req-986)
2026-09-08 06:00:00 [INFO] connection reset by peer (req-987)
2026-09-08 07:00:00 [WARN] cache miss on product page (req-988)
2026-09-08 08:00:00 [WARN] session expired (req-989)
2026-09-08 00:00:00 [INFO] session expired (req-990)
2026-09-08 01:00:00 [INFO] payment gateway timeout (req-991)
2026-09-08 02:00:00 [ERROR] payment gateway timeout (req-992)
2026-09-08 03:00:00 [INFO] session expired (req-993)
2026-09-08 04:00:00 [WARN] disk usage high (req-994)
2026-09-08 05:00:00 [WARN] session expired (req-995)
2026-09-08 06:00:00 [WARN] session expired (req-996)
2026-09-08 07:00:00 [INFO] cache miss on product page (req-997)
2026-09-08 08:00:00 [INFO] session expired (req-998)
2026-09-08 00:00:00 [INFO] request completed (req-999)
2026-09-08 01:00:00 [INFO] connection reset by peer (req-1000)
2026-09-08 02:00:00 [INFO] payment gateway timeout (req-1001)
2026-09-08 03:00:00 [INFO] session expired (req-1002)
2026-09-08 04:00:00 [INFO] session expired (req-1003)
2026-09-08 05:00:00 [INFO] payment gateway timeout (req-1004)
2026-09-08 06:00:00 [INFO] user login successful (req-1005)
2026-09-08 07:00:00 [INFO] user login successful (req-1006)
2026-09-08 08:00:00 [INFO] payment gateway timeout (req-1007)
2026-09-08 00:00:00 [INFO] session expired (req-1008)
2026-09-08 01:00:00 [INFO] connection reset by peer (req-1009)
2026-09-08 02:00:00 [INFO] cache miss on product page (req-1010)
2026-09-08 03:00:00 [WARN] connection reset by peer (req-1011)
2026-09-08 04:00:00 [INFO] session expired (req-1012)
2026-09-08 05:00:00 [WARN] request completed (req-1013)
2026-09-08 06:00:00 [WARN] user login successful (req-1014)
2026-09-08 07:00:00 [INFO] payment gateway timeout (req-1015)
2026-09-08 08:00:00 [INFO] user login successful (req-1016)
2026-09-08 00:00:00 [WARN] cache miss on product page (req-1017)
2026-09-08 01:00:00 [WARN] user login successful (req-1018)
2026-09-08 02:00:00 [INFO] connection reset by peer (req-1019)
2026-09-08 03:00:00 [INFO] payment gateway timeout (req-1020)
2026-09-08 04:00:00 [INFO] disk usage high (req-1021)
2026-09-08 05:00:00 [INFO] user login successful (req-1022)
2026-09-08 06:00:00 [ERROR] database query slow (req-1023)
2026-09-08 07:00:00 [ERROR] user login successful (req-1024)
2026-09-08 08:00:00 [INFO] disk usage high (req-1025)
2026-09-08 00:00:00 [WARN] database query slow (req-1026)
2026-09-08 01:00:00 [INFO] session expired (req-1027)
2026-09-08 02:00:00 [INFO] request completed (req-1028)
2026-09-08 03:00:00 [INFO] disk usage high (req-1029)
2026-09-08 04:00:00 [INFO] database query slow (req-1030)
2026-09-08 05:00:00 [INFO] session expired (req-1031)
2026-09-08 06:00:00 [WARN] disk usage high (req-1032)
2026-09-08 07:00:00 [INFO] connection reset by peer (req-1033)
2026-09-08 08:00:00 [INFO] session expired (req-1034)
2026-09-08 00:00:00 [INFO] connection reset by peer (req-1035)
2026-09-08 01:00:00 [ERROR] disk usage high (req-1036)
2026-09-08 02:00:00 [INFO] user login successful (req-1037)
2026-09-08 03:00:00 [INFO] user login successful (req-1038)
2026-09-08 04:00:00 [INFO] connection reset by peer (req-1039)
2026-09-08 05:00:00 [WARN] session expired (req-1040)
2026-09-08 06:00:00 [INFO] payment gateway timeout (req-1041)
2026-09-08 07:00:00 [INFO] user login successful (req-1042)
2026-09-08 08:00:00 [INFO] payment gateway timeout (req-1043)
2026-09-08 00:00:00 [WARN] request completed (req-1044)
2026-09-08 01:00:00 [INFO] payment gateway timeout (req-1045)
2026-09-08 02:00:00 [WARN] user login successful (req-1046)
2026-09-08 03:00:00 [INFO] disk usage high (req-1047)
2026-09-08 04:00:00 [INFO] payment gateway timeout (req-1048)
2026-09-08 05:00:00 [WARN] user login successful (req-1049)
2026-09-08 06:00:00 [INFO] request completed (req-1050)
2026-09-08 07:00:00 [WARN] request completed (req-1051)
2026-09-08 08:00:00 [INFO] cache miss on product page (req-1052)
2026-09-08 00:00:00 [INFO] session expired (req-1053)
2026-09-08 01:00:00 [INFO] disk usage high (req-1054)
2026-09-08 02:00:00 [WARN] disk usage high (req-1055)
2026-09-08 03:00:00 [INFO] session expired (req-1056)
2026-09-08 04:00:00 [INFO] session expired (req-1057)
2026-09-08 05:00:00 [INFO] connection reset by peer (req-1058)
2026-09-08 06:00:00 [INFO] disk usage high (req-1059)
2026-09-08 07:00:00 [INFO] database query slow (req-1060)
2026-09-08 08:00:00 [INFO] payment gateway timeout (req-1061)
2026-09-08 00:00:00 [INFO] cache miss on product page (req-1062)
2026-09-08 01:00:00 [WARN] disk usage high (req-1063)
2026-09-08 02:00:00 [INFO] connection reset by peer (req-1064)
2026-09-08 03:00:00 [WARN] user login successful (req-1065)
2026-09-08 04:00:00 [INFO] disk usage high (req-1066)
2026-09-08 05:00:00 [INFO] user login successful (req-1067)
2026-09-08 06:00:00 [INFO] payment gateway timeout (req-1068)
2026-09-08 07:00:00 [INFO] payment gateway timeout (req-1069)
2026-09-08 08:00:00 [INFO] cache miss on product page (req-1070)
2026-09-08 00:00:00 [INFO] payment gateway timeout (req-1071)
2026-09-08 01:00:00 [INFO] disk usage high (req-1072)
2026-09-08 02:00:00 [INFO] connection reset by peer (req-1073)
2026-09-08 03:00:00 [INFO] cache miss on product page (req-1074)
2026-09-08 04:00:00 [WARN] cache miss on product page (req-1075)
2026-09-08 05:00:00 [INFO] session expired (req-1076)
2026-09-08 06:00:00 [WARN] payment gateway timeout (req-1077)
2026-09-08 07:00:00 [INFO] connection reset by peer (req-1078)
2026-09-08 08:00:00 [WARN] disk usage high (req-1079)
2026-09-08 00:00:00 [INFO] database query slow (req-1080)
2026-09-08 01:00:00 [INFO] request completed (req-1081)
2026-09-08 02:00:00 [INFO] session expired (req-1082)
2026-09-08 03:00:00 [INFO] session expired (req-1083)
2026-09-08 04:00:00 [INFO] payment gateway timeout (req-1084)
2026-09-08 05:00:00 [INFO] connection reset by peer (req-1085)
2026-09-08 06:00:00 [INFO] cache miss on product page (req-1086)
2026-09-08 07:00:00 [INFO] disk usage high (req-1087)
2026-09-08 08:00:00 [INFO] user login successful (req-1088)
2026-09-08 00:00:00 [INFO] session expired (req-1089)
2026-09-08 01:00:00 [INFO] session expired (req-1090)
2026-09-08 02:00:00 [INFO] database query slow (req-1091)
2026-09-08 03:00:00 [INFO] user login successful (req-1092)
2026-09-08 04:00:00 [INFO] session expired (req-1093)
2026-09-08 05:00:00 [INFO] database query slow (req-1094)
2026-09-08 06:00:00 [WARN] cache miss on product page (req-1095)
2026-09-08 07:00:00 [ERROR] disk usage high (req-1096)
2026-09-08 08:00:00 [WARN] database query slow (req-1097)
2026-09-08 00:00:00 [INFO] request completed (req-1098)
2026-09-08 01:00:00 [INFO] payment gateway timeout (req-1099)
2026-09-08 02:00:00 [INFO] connection reset by peer (req-1100)
2026-09-08 03:00:00 [INFO] database query slow (req-1101)
2026-09-08 04:00:00 [INFO] payment gateway timeout (req-1102)
2026-09-08 05:00:00 [INFO] payment gateway timeout (req-1103)
2026-09-08 06:00:00 [INFO] database query slow (req-1104)
2026-09-08 07:00:00 [INFO] session expired (req-1105)
2026-09-08 08:00:00 [INFO] database query slow (req-1106)
2026-09-08 00:00:00 [WARN] disk usage high (req-1107)
2026-09-08 01:00:00 [INFO] disk usage high (req-1108)
2026-09-08 02:00:00 [INFO] session expired (req-1109)
2026-09-08 03:00:00 [INFO] session expired (req-1110)
2026-09-08 04:00:00 [WARN] cache miss on product page (req-1111)
2026-09-08 05:00:00 [INFO] cache miss on product page (req-1112)
2026-09-08 06:00:00 [WARN] session expired (req-1113)
2026-09-08 07:00:00 [INFO] payment gateway timeout (req-1114)
2026-09-08 08:00:00 [INFO] session expired (req-1115)
2026-09-08 00:00:00 [INFO] connection reset by peer (req-1116)
2026-09-08 01:00:00 [WARN] cache miss on product page (req-1117)
2026-09-08 02:00:00 [ERROR] session expired (req-1118)
2026-09-08 03:00:00 [INFO] disk usage high (req-1119)
2026-09-08 04:00:00 [WARN] request completed (req-1120)
2026-09-08 05:00:00 [INFO] database query slow (req-1121)
2026-09-08 06:00:00 [INFO] disk usage high (req-1122)
2026-09-08 07:00:00 [INFO] disk usage high (req-1123)
2026-09-08 08:00:00 [ERROR] database query slow (req-1124)
2026-09-08 00:00:00 [INFO] request completed (req-1125)
2026-09-08 01:00:00 [INFO] disk usage high (req-1126)
2026-09-08 02:00:00 [INFO] database query slow (req-1127)
2026-09-08 03:00:00 [INFO] session expired (req-1128)
2026-09-08 04:00:00 [INFO] session expired (req-1129)
2026-09-08 05:00:00 [WARN] disk usage high (req-1130)
2026-09-08 06:00:00 [WARN] session expired (req-1131)
2026-09-08 07:00:00 [INFO] cache miss on product page (req-1132)
2026-09-08 08:00:00 [INFO] user login successful (req-1133)
2026-09-08 00:00:00 [INFO] disk usage high (req-1134)
2026-09-08 01:00:00 [INFO] request completed (req-1135)
2026-09-08 02:00:00 [INFO] disk usage high (req-1136)
2026-09-08 03:00:00 [INFO] connection reset by peer (req-1137)
2026-09-08 04:00:00 [INFO] connection reset by peer (req-1138)
2026-09-08 05:00:00 [WARN] session expired (req-1139)
2026-09-08 06:00:00 [INFO] disk usage high (req-1140)
2026-09-08 07:00:00 [INFO] session expired (req-1141)
2026-09-08 08:00:00 [WARN] cache miss on product page (req-1142)
2026-09-08 00:00:00 [INFO] disk usage high (req-1143)
2026-09-08 01:00:00 [ERROR] user login successful (req-1144)
2026-09-08 02:00:00 [INFO] session expired (req-1145)
2026-09-08 03:00:00 [ERROR] connection reset by peer (req-1146)
2026-09-08 04:00:00 [INFO] cache miss on product page (req-1147)
2026-09-08 05:00:00 [INFO] disk usage high (req-1148)
2026-09-08 06:00:00 [WARN] request completed (req-1149)
2026-09-08 07:00:00 [INFO] request completed (req-1150)
2026-09-08 08:00:00 [ERROR] cache miss on product page (req-1151)
2026-09-08 00:00:00 [ERROR] payment gateway timeout (req-1152)
2026-09-08 01:00:00 [INFO] database query slow (req-1153)
2026-09-08 02:00:00 [INFO] request completed (req-1154)
2026-09-08 03:00:00 [INFO] user login successful (req-1155)
2026-09-08 04:00:00 [INFO] payment gateway timeout (req-1156)
2026-09-08 05:00:00 [INFO] request completed (req-1157)
2026-09-08 06:00:00 [WARN] request completed (req-1158)
2026-09-08 07:00:00 [INFO] user login successful (req-1159)
2026-09-08 08:00:00 [WARN] database query slow (req-1160)
2026-09-08 00:00:00 [INFO] user login successful (req-1161)
2026-09-08 01:00:00 [ERROR] cache miss on product page (req-1162)
2026-09-08 02:00:00 [INFO] user login successful (req-1163)
2026-09-08 03:00:00 [INFO] payment gateway timeout (req-1164)
2026-09-08 04:00:00 [INFO] user login successful (req-1165)
2026-09-08 05:00:00 [WARN] session expired (req-1166)
2026-09-08 06:00:00 [INFO] cache miss on product page (req-1167)
2026-09-08 07:00:00 [INFO] connection reset by peer (req-1168)
2026-09-08 08:00:00 [ERROR] cache miss on product page (req-1169)
2026-09-08 00:00:00 [INFO] cache miss on product page (req-1170)
2026-09-08 01:00:00 [INFO] request completed (req-1171)
2026-09-08 02:00:00 [INFO] disk usage high (req-1172)
2026-09-08 03:00:00 [WARN] cache miss on product page (req-1173)
2026-09-08 04:00:00 [ERROR] payment gateway timeout (req-1174)
2026-09-08 05:00:00 [INFO] disk usage high (req-1175)
2026-09-08 06:00:00 [INFO] request completed (req-1176)
2026-09-08 07:00:00 [INFO] cache miss on product page (req-1177)
2026-09-08 08:00:00 [INFO] session expired (req-1178)
2026-09-08 00:00:00 [ERROR] connection reset by peer (req-1179)
2026-09-08 01:00:00 [INFO] payment gateway timeout (req-1180)
2026-09-08 02:00:00 [INFO] database query slow (req-1181)
2026-09-08 03:00:00 [ERROR] user login successful (req-1182)
2026-09-08 04:00:00 [INFO] database query slow (req-1183)
2026-09-08 05:00:00 [INFO] request completed (req-1184)
2026-09-08 06:00:00 [INFO] cache miss on product page (req-1185)
2026-09-08 07:00:00 [INFO] database query slow (req-1186)
2026-09-08 08:00:00 [WARN] session expired (req-1187)
2026-09-08 00:00:00 [INFO] session expired (req-1188)
2026-09-08 01:00:00 [WARN] user login successful (req-1189)
2026-09-08 02:00:00 [INFO] session expired (req-1190)
2026-09-08 03:00:00 [INFO] user login successful (req-1191)
2026-09-08 04:00:00 [INFO] request completed (req-1192)
2026-09-08 05:00:00 [INFO] disk usage high (req-1193)
2026-09-08 06:00:00 [INFO] connection reset by peer (req-1194)
2026-09-08 07:00:00 [INFO] request completed (req-1195)
2026-09-08 08:00:00 [INFO] user login successful (req-1196)
2026-09-08 00:00:00 [INFO] database query slow (req-1197)
2026-09-08 01:00:00 [WARN] user login successful (req-1198)
2026-09-08 02:00:00 [INFO] disk usage high (req-1199)
2026-09-08 03:00:00 [INFO] connection reset by peer (req-1200)
2026-09-08 04:00:00 [INFO] session expired (req-1201)
2026-09-08 05:00:00 [INFO] payment gateway timeout (req-1202)
2026-09-08 06:00:00 [INFO] database query slow (req-1203)
2026-09-08 07:00:00 [INFO] payment gateway timeout (req-1204)
2026-09-08 08:00:00 [WARN] cache miss on product page (req-1205)
2026-09-08 00:00:00 [INFO] payment gateway timeout (req-1206)
2026-09-08 01:00:00 [INFO] user login successful (req-1207)
2026-09-08 02:00:00 [WARN] database query slow (req-1208)
2026-09-08 03:00:00 [ERROR] session expired (req-1209)
2026-09-08 04:00:00 [ERROR] session expired (req-1210)
2026-09-08 05:00:00 [WARN] request completed (req-1211)
2026-09-08 06:00:00 [INFO] connection reset by peer (req-1212)
2026-09-08 07:00:00 [ERROR] session expired (req-1213)
2026-09-08 08:00:00 [ERROR] disk usage high (req-1214)
2026-09-08 00:00:00 [INFO] request completed (req-1215)
2026-09-08 01:00:00 [INFO] payment gateway timeout (req-1216)
2026-09-08 02:00:00 [INFO] session expired (req-1217)
2026-09-08 03:00:00 [INFO] request completed (req-1218)
2026-09-08 04:00:00 [WARN] cache miss on product page (req-1219)
2026-09-08 05:00:00 [ERROR] session expired (req-1220)
2026-09-08 06:00:00 [INFO] cache miss on product page (req-1221)
2026-09-08 07:00:00 [INFO] database query slow (req-1222)
2026-09-08 08:00:00 [INFO] user login successful (req-1223)
2026-09-08 00:00:00 [INFO] session expired (req-1224)
2026-09-08 01:00:00 [INFO] disk usage high (req-1225)
2026-09-08 02:00:00 [INFO] user login successful (req-1226)
2026-09-08 03:00:00 [INFO] payment gateway timeout (req-1227)
2026-09-08 04:00:00 [INFO] connection reset by peer (req-1228)
2026-09-08 05:00:00 [INFO] session expired (req-1229)
2026-09-08 06:00:00 [INFO] connection reset by peer (req-1230)
2026-09-08 07:00:00 [INFO] request completed (req-1231)
2026-09-08 08:00:00 [INFO] payment gateway timeout (req-1232)
2026-09-08 00:00:00 [WARN] connection reset by peer (req-1233)
2026-09-08 01:00:00 [INFO] database query slow (req-1234)
2026-09-08 02:00:00 [INFO] session expired (req-1235)
2026-09-08 03:00:00 [WARN] database query slow (req-1236)
2026-09-08 04:00:00 [INFO] request completed (req-1237)
2026-09-08 05:00:00 [INFO] connection reset by peer (req-1238)
2026-09-08 06:00:00 [INFO] connection reset by peer (req-1239)
2026-09-08 07:00:00 [WARN] disk usage high (req-1240)
2026-09-08 08:00:00 [WARN] payment gateway timeout (req-1241)
2026-09-08 00:00:00 [WARN] session expired (req-1242)
2026-09-08 01:00:00 [INFO] payment gateway timeout (req-1243)
2026-09-08 02:00:00 [WARN] user login successful (req-1244)
2026-09-08 03:00:00 [INFO] connection reset by peer (req-1245)
2026-09-08 04:00:00 [INFO] connection reset by peer (req-1246)
2026-09-08 05:00:00 [WARN] payment gateway timeout (req-1247)
2026-09-08 06:00:00 [INFO] connection reset by peer (req-1248)
2026-09-08 07:00:00 [INFO] connection reset by peer (req-1249)
2026-09-08 08:00:00 [INFO] session expired (req-1250)
2026-09-08 00:00:00 [ERROR] cache miss on product page (req-1251)
2026-09-08 01:00:00 [INFO] database query slow (req-1252)
2026-09-08 02:00:00 [WARN] payment gateway timeout (req-1253)
2026-09-08 03:00:00 [INFO] disk usage high (req-1254)
2026-09-08 04:00:00 [INFO] connection reset by peer (req-1255)
2026-09-08 05:00:00 [INFO] request completed (req-1256)
2026-09-08 06:00:00 [ERROR] session expired (req-1257)
2026-09-08 07:00:00 [INFO] session expired (req-1258)
2026-09-08 08:00:00 [INFO] user login successful (req-1259)
2026-09-08 00:00:00 [INFO] database query slow (req-1260)
2026-09-08 01:00:00 [INFO] cache miss on product page (req-1261)
2026-09-08 02:00:00 [INFO] disk usage high (req-1262)
2026-09-08 03:00:00 [INFO] connection reset by peer (req-1263)
2026-09-08 04:00:00 [WARN] payment gateway timeout (req-1264)
2026-09-08 05:00:00 [WARN] connection reset by peer (req-1265)
2026-09-08 06:00:00 [INFO] connection reset by peer (req-1266)
2026-09-08 07:00:00 [WARN] request completed (req-1267)
2026-09-08 08:00:00 [INFO] disk usage high (req-1268)
2026-09-08 00:00:00 [WARN] database query slow (req-1269)
2026-09-08 01:00:00 [INFO] cache miss on product page (req-1270)
2026-09-08 02:00:00 [WARN] session expired (req-1271)
2026-09-08 03:00:00 [INFO] disk usage high (req-1272)
2026-09-08 04:00:00 [INFO] database query slow (req-1273)
2026-09-08 05:00:00 [INFO] request completed (req-1274)
2026-09-08 06:00:00 [INFO] request completed (req-1275)
2026-09-08 07:00:00 [INFO] user login successful (req-1276)
2026-09-08 08:00:00 [INFO] connection reset by peer (req-1277)
2026-09-08 00:00:00 [INFO] session expired (req-1278)
2026-09-08 01:00:00 [ERROR] database query slow (req-1279)
2026-09-08 02:00:00 [INFO] database query slow (req-1280)
2026-09-08 03:00:00 [ERROR] connection reset by peer (req-1281)
2026-09-08 04:00:00 [INFO] disk usage high (req-1282)
2026-09-08 05:00:00 [WARN] database query slow (req-1283)
2026-09-08 06:00:00 [INFO] disk usage high (req-1284)
2026-09-08 07:00:00 [WARN] request completed (req-1285)
2026-09-08 08:00:00 [INFO] payment gateway timeout (req-1286)
2026-09-08 00:00:00 [INFO] database query slow (req-1287)
2026-09-08 01:00:00 [INFO] cache miss on product page (req-1288)
2026-09-08 02:00:00 [INFO] request completed (req-1289)
2026-09-08 03:00:00 [INFO] cache miss on product page (req-1290)
2026-09-08 04:00:00 [ERROR] database query slow (req-1291)
2026-09-08 05:00:00 [ERROR] request completed (req-1292)
2026-09-08 06:00:00 [INFO] user login successful (req-1293)
2026-09-08 07:00:00 [INFO] database query slow (req-1294)
2026-09-08 08:00:00 [INFO] user login successful (req-1295)
2026-09-08 00:00:00 [WARN] request completed (req-1296)
2026-09-08 01:00:00 [WARN] session expired (req-1297)
2026-09-08 02:00:00 [INFO] request completed (req-1298)
2026-09-08 03:00:00 [INFO] payment gateway timeout (req-1299)
2026-09-08 04:00:00 [INFO] disk usage high (req-1300)
2026-09-08 05:00:00 [INFO] cache miss on product page (req-1301)
2026-09-08 06:00:00 [INFO] database query slow (req-1302)
2026-09-08 07:00:00 [INFO] request completed (req-1303)
2026-09-08 08:00:00 [INFO] cache miss on product page (req-1304)
2026-09-08 00:00:00 [INFO] request completed (req-1305)
2026-09-08 01:00:00 [INFO] cache miss on product page (req-1306)
2026-09-08 02:00:00 [INFO] cache miss on product page (req-1307)
2026-09-08 03:00:00 [INFO] user login successful (req-1308)
2026-09-08 04:00:00 [INFO] session expired (req-1309)
2026-09-08 05:00:00 [INFO] database query slow (req-1310)
2026-09-08 06:00:00 [INFO] payment gateway timeout (req-1311)
2026-09-08 07:00:00 [WARN] database query slow (req-1312)
2026-09-08 08:00:00 [INFO] cache miss on product page (req-1313)
2026-09-08 00:00:00 [INFO] request completed (req-1314)
2026-09-08 01:00:00 [INFO] request completed (req-1315)
2026-09-08 02:00:00 [INFO] user login successful (req-1316)
2026-09-08 03:00:00 [INFO] database query slow (req-1317)
2026-09-08 04:00:00 [INFO] connection reset by peer (req-1318)
2026-09-08 05:00:00 [INFO] disk usage high (req-1319)
2026-09-08 06:00:00 [INFO] disk usage high (req-1320)
2026-09-08 07:00:00 [WARN] user login successful (req-1321)
2026-09-08 08:00:00 [INFO] payment gateway timeout (req-1322)
2026-09-08 00:00:00 [WARN] request completed (req-1323)
2026-09-08 01:00:00 [INFO] payment gateway timeout (req-1324)
2026-09-08 02:00:00 [ERROR] database query slow (req-1325)
2026-09-08 03:00:00 [INFO] request completed (req-1326)
2026-09-08 04:00:00 [ERROR] connection reset by peer (req-1327)
2026-09-08 05:00:00 [INFO] connection reset by peer (req-1328)
2026-09-08 06:00:00 [INFO] payment gateway timeout (req-1329)
2026-09-08 07:00:00 [INFO] cache miss on product page (req-1330)
2026-09-08 08:00:00 [ERROR] database query slow (req-1331)
2026-09-08 00:00:00 [INFO] database query slow (req-1332)
2026-09-08 01:00:00 [INFO] payment gateway timeout (req-1333)
2026-09-08 02:00:00 [ERROR] user login successful (req-1334)
2026-09-08 03:00:00 [INFO] user login successful (req-1335)
2026-09-08 04:00:00 [INFO] disk usage high (req-1336)
2026-09-08 05:00:00 [INFO] disk usage high (req-1337)
2026-09-08 06:00:00 [INFO] payment gateway timeout (req-1338)
2026-09-08 07:00:00 [INFO] user login successful (req-1339)
2026-09-08 08:00:00 [INFO] cache miss on product page (req-1340)
2026-09-08 00:00:00 [INFO] user login successful (req-1341)
2026-09-08 01:00:00 [INFO] database query slow (req-1342)
2026-09-08 02:00:00 [INFO] user login successful (req-1343)
2026-09-08 03:00:00 [INFO] request completed (req-1344)
2026-09-08 04:00:00 [ERROR] disk usage high (req-1345)
2026-09-08 05:00:00 [INFO] cache miss on product page (req-1346)
2026-09-08 06:00:00 [INFO] session expired (req-1347)
2026-09-08 07:00:00 [INFO] request completed (req-1348)
2026-09-08 08:00:00 [INFO] request completed (req-1349)
2026-09-08 00:00:00 [INFO] connection reset by peer (req-1350)
2026-09-08 01:00:00 [WARN] disk usage high (req-1351)
2026-09-08 02:00:00 [INFO] session expired (req-1352)
2026-09-08 03:00:00 [WARN] request completed (req-1353)
2026-09-08 04:00:00 [INFO] disk usage high (req-1354)
2026-09-08 05:00:00 [WARN] cache miss on product page (req-1355)
2026-09-08 06:00:00 [INFO] request completed (req-1356)
2026-09-08 07:00:00 [INFO] cache miss on product page (req-1357)
2026-09-08 08:00:00 [ERROR] connection reset by peer (req-1358)
2026-09-08 00:00:00 [ERROR] session expired (req-1359)
2026-09-08 01:00:00 [INFO] payment gateway timeout (req-1360)
2026-09-08 02:00:00 [INFO] connection reset by peer (req-1361)
2026-09-08 03:00:00 [INFO] session expired (req-1362)
2026-09-08 04:00:00 [ERROR] connection reset by peer (req-1363)
2026-09-08 05:00:00 [INFO] database query slow (req-1364)
2026-09-08 06:00:00 [INFO] connection reset by peer (req-1365)
2026-09-08 07:00:00 [INFO] cache miss on product page (req-1366)
2026-09-08 08:00:00 [ERROR] connection reset by peer (req-1367)
2026-09-08 00:00:00 [INFO] database query slow (req-1368)
2026-09-08 01:00:00 [INFO] connection reset by peer (req-1369)
2026-09-08 02:00:00 [INFO] disk usage high (req-1370)
2026-09-08 03:00:00 [INFO] connection reset by peer (req-1371)
2026-09-08 04:00:00 [ERROR] connection reset by peer (req-1372)
2026-09-08 05:00:00 [WARN] cache miss on product page (req-1373)
2026-09-08 06:00:00 [WARN] user login successful (req-1374)
2026-09-08 07:00:00 [INFO] connection reset by peer (req-1375)
2026-09-08 08:00:00 [INFO] cache miss on product page (req-1376)
2026-09-08 00:00:00 [ERROR] user login successful (req-1377)
2026-09-08 01:00:00 [ERROR] disk usage high (req-1378)
2026-09-08 02:00:00 [INFO] connection reset by peer (req-1379)
2026-09-08 03:00:00 [INFO] payment gateway timeout (req-1380)
2026-09-08 04:00:00 [INFO] connection reset by peer (req-1381)
2026-09-08 05:00:00 [INFO] payment gateway timeout (req-1382)
2026-09-08 06:00:00 [INFO] database query slow (req-1383)
2026-09-08 07:00:00 [WARN] session expired (req-1384)
2026-09-08 08:00:00 [INFO] request completed (req-1385)
2026-09-08 00:00:00 [INFO] user login successful (req-1386)
2026-09-08 01:00:00 [WARN] payment gateway timeout (req-1387)
2026-09-08 02:00:00 [INFO] cache miss on product page (req-1388)
2026-09-08 03:00:00 [INFO] user login successful (req-1389)
2026-09-08 04:00:00 [ERROR] request completed (req-1390)
2026-09-08 05:00:00 [INFO] disk usage high (req-1391)
2026-09-08 06:00:00 [WARN] database query slow (req-1392)
2026-09-08 07:00:00 [INFO] session expired (req-1393)
2026-09-08 08:00:00 [INFO] cache miss on product page (req-1394)
2026-09-08 00:00:00 [ERROR] connection reset by peer (req-1395)
2026-09-08 01:00:00 [INFO] cache miss on product page (req-1396)
2026-09-08 02:00:00 [ERROR] user login successful (req-1397)
2026-09-08 03:00:00 [INFO] database query slow (req-1398)
2026-09-08 04:00:00 [INFO] payment gateway timeout (req-1399)
2026-09-08 05:00:00 [INFO] database query slow (req-1400)
2026-09-08 06:00:00 [INFO] cache miss on product page (req-1401)
2026-09-08 07:00:00 [INFO] disk usage high (req-1402)
2026-09-08 08:00:00 [INFO] connection reset by peer (req-1403)
2026-09-08 00:00:00 [ERROR] session expired (req-1404)
2026-09-08 01:00:00 [INFO] database query slow (req-1405)
2026-09-08 02:00:00 [INFO] session expired (req-1406)
2026-09-08 03:00:00 [INFO] user login successful (req-1407)
2026-09-08 04:00:00 [INFO] database query slow (req-1408)
2026-09-08 05:00:00 [INFO] payment gateway timeout (req-1409)
2026-09-08 06:00:00 [INFO] payment gateway timeout (req-1410)
2026-09-08 07:00:00 [INFO] request completed (req-1411)
2026-09-08 08:00:00 [INFO] cache miss on product page (req-1412)
2026-09-08 00:00:00 [INFO] cache miss on product page (req-1413)
2026-09-08 01:00:00 [ERROR] cache miss on product page (req-1414)
2026-09-08 02:00:00 [INFO] disk usage high (req-1415)
2026-09-08 03:00:00 [INFO] cache miss on product page (req-1416)
2026-09-08 04:00:00 [INFO] user login successful (req-1417)
2026-09-08 05:00:00 [ERROR] user login successful (req-1418)
2026-09-08 06:00:00 [INFO] disk usage high (req-1419)
2026-09-08 07:00:00 [WARN] session expired (req-1420)
2026-09-08 08:00:00 [WARN] connection reset by peer (req-1421)
2026-09-08 00:00:00 [INFO] user login successful (req-1422)
2026-09-08 01:00:00 [INFO] payment gateway timeout (req-1423)
2026-09-08 02:00:00 [WARN] cache miss on product page (req-1424)
2026-09-08 03:00:00 [INFO] user login successful (req-1425)
2026-09-08 04:00:00 [WARN] session expired (req-1426)
2026-09-08 05:00:00 [INFO] session expired (req-1427)
2026-09-08 06:00:00 [ERROR] database query slow (req-1428)
2026-09-08 07:00:00 [ERROR] request completed (req-1429)
2026-09-08 08:00:00 [INFO] cache miss on product page (req-1430)
2026-09-08 00:00:00 [INFO] connection reset by peer (req-1431)
2026-09-08 01:00:00 [INFO] request completed (req-1432)
2026-09-08 02:00:00 [INFO] payment gateway timeout (req-1433)
2026-09-08 03:00:00 [WARN] payment gateway timeout (req-1434)
2026-09-08 04:00:00 [INFO] database query slow (req-1435)
2026-09-08 05:00:00 [WARN] payment gateway timeout (req-1436)
2026-09-08 06:00:00 [ERROR] payment gateway timeout (req-1437)
2026-09-08 07:00:00 [INFO] user login successful (req-1438)
2026-09-08 08:00:00 [INFO] session expired (req-1439)
2026-09-08 00:00:00 [INFO] request completed (req-1440)
2026-09-08 01:00:00 [INFO] session expired (req-1441)
2026-09-08 02:00:00 [WARN] cache miss on product page (req-1442)
2026-09-08 03:00:00 [INFO] payment gateway timeout (req-1443)
2026-09-08 04:00:00 [INFO] payment gateway timeout (req-1444)
2026-09-08 05:00:00 [INFO] disk usage high (req-1445)
2026-09-08 06:00:00 [ERROR] session expired (req-1446)
2026-09-08 07:00:00 [INFO] payment gateway timeout (req-1447)
2026-09-08 08:00:00 [WARN] disk usage high (req-1448)
2026-09-08 00:00:00 [INFO] disk usage high (req-1449)
2026-09-08 01:00:00 [INFO] payment gateway timeout (req-1450)
2026-09-08 02:00:00 [INFO] payment gateway timeout (req-1451)
2026-09-08 03:00:00 [INFO] request completed (req-1452)
2026-09-08 04:00:00 [INFO] user login successful (req-1453)
2026-09-08 05:00:00 [INFO] request completed (req-1454)
2026-09-08 06:00:00 [INFO] cache miss on product page (req-1455)
2026-09-08 07:00:00 [WARN] cache miss on product page (req-1456)
2026-09-08 08:00:00 [WARN] disk usage high (req-1457)
2026-09-08 00:00:00 [INFO] session expired (req-1458)
2026-09-08 01:00:00 [INFO] disk usage high (req-1459)
2026-09-08 02:00:00 [INFO] request completed (req-1460)
2026-09-08 03:00:00 [INFO] cache miss on product page (req-1461)
2026-09-08 04:00:00 [INFO] request completed (req-1462)
2026-09-08 05:00:00 [INFO] disk usage high (req-1463)
2026-09-08 06:00:00 [INFO] database query slow (req-1464)
2026-09-08 07:00:00 [INFO] disk usage high (req-1465)
2026-09-08 08:00:00 [INFO] user login successful (req-1466)
2026-09-08 00:00:00 [INFO] session expired (req-1467)
2026-09-08 01:00:00 [INFO] connection reset by peer (req-1468)
2026-09-08 02:00:00 [INFO] connection reset by peer (req-1469)
2026-09-08 03:00:00 [INFO] disk usage high (req-1470)
2026-09-08 04:00:00 [INFO] disk usage high (req-1471)
2026-09-08 05:00:00 [INFO] request completed (req-1472)
2026-09-08 06:00:00 [INFO] user login successful (req-1473)
2026-09-08 07:00:00 [INFO] database query slow (req-1474)
2026-09-08 08:00:00 [INFO] payment gateway timeout (req-1475)
2026-09-08 00:00:00 [WARN] request completed (req-1476)
2026-09-08 01:00:00 [WARN] cache miss on product page (req-1477)
2026-09-08 02:00:00 [INFO] disk usage high (req-1478)
2026-09-08 03:00:00 [INFO] connection reset by peer (req-1479)
2026-09-08 04:00:00 [INFO] database query slow (req-1480)
2026-09-08 05:00:00 [WARN] database query slow (req-1481)
2026-09-08 06:00:00 [INFO] database query slow (req-1482)
2026-09-08 07:00:00 [INFO] payment gateway timeout (req-1483)
2026-09-08 08:00:00 [INFO] disk usage high (req-1484)
2026-09-08 00:00:00 [INFO] database query slow (req-1485)
2026-09-08 01:00:00 [INFO] user login successful (req-1486)
2026-09-08 02:00:00 [WARN] connection reset by peer (req-1487)
2026-09-08 03:00:00 [WARN] request completed (req-1488)
2026-09-08 04:00:00 [INFO] cache miss on product page (req-1489)
2026-09-08 05:00:00 [INFO] session expired (req-1490)
2026-09-08 06:00:00 [INFO] database query slow (req-1491)
2026-09-08 07:00:00 [INFO] database query slow (req-1492)
2026-09-08 08:00:00 [INFO] payment gateway timeout (req-1493)
2026-09-08 00:00:00 [ERROR] connection reset by peer (req-1494)
2026-09-08 01:00:00 [INFO] session expired (req-1495)
2026-09-08 02:00:00 [INFO] request completed (req-1496)
2026-09-08 03:00:00 [ERROR] cache miss on product page (req-1497)
2026-09-08 04:00:00 [INFO] session expired (req-1498)
2026-09-08 05:00:00 [INFO] database query slow (req-1499)
2026-09-08 06:00:00 [INFO] cache miss on product page (req-1500)
2026-09-08 07:00:00 [INFO] request completed (req-1501)
2026-09-08 08:00:00 [INFO] connection reset by peer (req-1502)
2026-09-08 00:00:00 [INFO] session expired (req-1503)
2026-09-08 01:00:00 [WARN] payment gateway timeout (req-1504)
2026-09-08 02:00:00 [WARN] cache miss on product page (req-1505)
2026-09-08 03:00:00 [INFO] disk usage high (req-1506)
2026-09-08 04:00:00 [INFO] user login successful (req-1507)
2026-09-08 05:00:00 [INFO] payment gateway timeout (req-1508)
2026-09-08 06:00:00 [INFO] connection reset by peer (req-1509)
2026-09-08 07:00:00 [INFO] session expired (req-1510)
2026-09-08 08:00:00 [ERROR] session expired (req-1511)
2026-09-08 00:00:00 [WARN] cache miss on product page (req-1512)
2026-09-08 01:00:00 [INFO] session expired (req-1513)
2026-09-08 02:00:00 [WARN] payment gateway timeout (req-1514)
2026-09-08 03:00:00 [INFO] database query slow (req-1515)
2026-09-08 04:00:00 [INFO] database query slow (req-1516)
2026-09-08 05:00:00 [WARN] connection reset by peer (req-1517)
2026-09-08 06:00:00 [INFO] payment gateway timeout (req-1518)
2026-09-08 07:00:00 [WARN] request completed (req-1519)
2026-09-08 08:00:00 [WARN] cache miss on product page (req-1520)
2026-09-08 00:00:00 [INFO] cache miss on product page (req-1521)
2026-09-08 01:00:00 [INFO] disk usage high (req-1522)
2026-09-08 02:00:00 [INFO] session expired (req-1523)
2026-09-08 03:00:00 [ERROR] disk usage high (req-1524)
2026-09-08 04:00:00 [INFO] payment gateway timeout (req-1525)
2026-09-08 05:00:00 [INFO] cache miss on product page (req-1526)
2026-09-08 06:00:00 [INFO] connection reset by peer (req-1527)
2026-09-08 07:00:00 [INFO] disk usage high (req-1528)
2026-09-08 08:00:00 [INFO] session expired (req-1529)
2026-09-08 00:00:00 [INFO] cache miss on product page (req-1530)
2026-09-08 01:00:00 [WARN] connection reset by peer (req-1531)
2026-09-08 02:00:00 [INFO] disk usage high (req-1532)
2026-09-08 03:00:00 [INFO] session expired (req-1533)
2026-09-08 04:00:00 [WARN] cache miss on product page (req-1534)
2026-09-08 05:00:00 [INFO] session expired (req-1535)
2026-09-08 06:00:00 [INFO] database query slow (req-1536)
2026-09-08 07:00:00 [INFO] request completed (req-1537)
2026-09-08 08:00:00 [INFO] database query slow (req-1538)
2026-09-08 00:00:00 [INFO] connection reset by peer (req-1539)
2026-09-08 01:00:00 [INFO] disk usage high (req-1540)
2026-09-08 02:00:00 [WARN] user login successful (req-1541)
2026-09-08 03:00:00 [INFO] user login successful (req-1542)
2026-09-08 04:00:00 [INFO] request completed (req-1543)
2026-09-08 05:00:00 [INFO] user login successful (req-1544)
2026-09-08 06:00:00 [INFO] connection reset by peer (req-1545)
2026-09-08 07:00:00 [INFO] session expired (req-1546)
2026-09-08 08:00:00 [INFO] cache miss on product page (req-1547)
2026-09-08 00:00:00 [INFO] user login successful (req-1548)
2026-09-08 01:00:00 [INFO] session expired (req-1549)
2026-09-08 02:00:00 [INFO] disk usage high (req-1550)
2026-09-08 03:00:00 [INFO] payment gateway timeout (req-1551)
2026-09-08 04:00:00 [INFO] database query slow (req-1552)
2026-09-08 05:00:00 [INFO] payment gateway timeout (req-1553)
2026-09-08 06:00:00 [INFO] user login successful (req-1554)
2026-09-08 07:00:00 [WARN] user login successful (req-1555)
2026-09-08 08:00:00 [INFO] request completed (req-1556)
2026-09-08 00:00:00 [INFO] payment gateway timeout (req-1557)
2026-09-08 01:00:00 [INFO] user login successful (req-1558)
2026-09-08 02:00:00 [WARN] cache miss on product page (req-1559)
2026-09-08 03:00:00 [INFO] payment gateway timeout (req-1560)
2026-09-08 04:00:00 [INFO] connection reset by peer (req-1561)
2026-09-08 05:00:00 [INFO] payment gateway timeout (req-1562)
2026-09-08 06:00:00 [INFO] database query slow (req-1563)
2026-09-08 07:00:00 [INFO] payment gateway timeout (req-1564)
2026-09-08 08:00:00 [INFO] cache miss on product page (req-1565)
2026-09-08 00:00:00 [INFO] cache miss on product page (req-1566)
2026-09-08 01:00:00 [INFO] user login successful (req-1567)
2026-09-08 02:00:00 [WARN] disk usage high (req-1568)
2026-09-08 03:00:00 [INFO] payment gateway timeout (req-1569)
2026-09-08 04:00:00 [INFO] database query slow (req-1570)
2026-09-08 05:00:00 [INFO] connection reset by peer (req-1571)
2026-09-08 06:00:00 [INFO] database query slow (req-1572)
2026-09-08 07:00:00 [ERROR] session expired (req-1573)
2026-09-08 08:00:00 [INFO] request completed (req-1574)
2026-09-08 00:00:00 [INFO] request completed (req-1575)
2026-09-08 01:00:00 [INFO] cache miss on product page (req-1576)
2026-09-08 02:00:00 [INFO] session expired (req-1577)
2026-09-08 03:00:00 [INFO] session expired (req-1578)
2026-09-08 04:00:00 [INFO] user login successful (req-1579)
2026-09-08 05:00:00 [INFO] database query slow (req-1580)
2026-09-08 06:00:00 [INFO] session expired (req-1581)
2026-09-08 07:00:00 [INFO] disk usage high (req-1582)
2026-09-08 08:00:00 [INFO] cache miss on product page (req-1583)
2026-09-08 00:00:00 [ERROR] user login successful (req-1584)
2026-09-08 01:00:00 [INFO] user login successful (req-1585)
2026-09-08 02:00:00 [INFO] session expired (req-1586)
2026-09-08 03:00:00 [INFO] cache miss on product page (req-1587)
2026-09-08 04:00:00 [INFO] cache miss on product page (req-1588)
2026-09-08 05:00:00 [ERROR] cache miss on product page (req-1589)
2026-09-08 06:00:00 [INFO] connection reset by peer (req-1590)
2026-09-08 07:00:00 [INFO] session expired (req-1591)
2026-09-08 08:00:00 [INFO] cache miss on product page (req-1592)
2026-09-08 00:00:00 [INFO] user login successful (req-1593)
2026-09-08 01:00:00 [INFO] connection reset by peer (req-1594)
2026-09-08 02:00:00 [WARN] payment gateway timeout (req-1595)
2026-09-08 03:00:00 [INFO] session expired (req-1596)
2026-09-08 04:00:00 [INFO] disk usage high (req-1597)
2026-09-08 05:00:00 [INFO] connection reset by peer (req-1598)
2026-09-08 06:00:00 [INFO] request completed (req-1599)
2026-09-08 07:00:00 [INFO] request completed (req-1600)
2026-09-08 08:00:00 [INFO] database query slow (req-1601)
2026-09-08 00:00:00 [INFO] request completed (req-1602)
2026-09-08 01:00:00 [WARN] cache miss on product page (req-1603)
2026-09-08 02:00:00 [INFO] session expired (req-1604)
2026-09-08 03:00:00 [ERROR] user login successful (req-1605)
2026-09-08 04:00:00 [INFO] user login successful (req-1606)
2026-09-08 05:00:00 [INFO] connection reset by peer (req-1607)
2026-09-08 06:00:00 [INFO] user login successful (req-1608)
2026-09-08 07:00:00 [INFO] connection reset by peer (req-1609)
2026-09-08 08:00:00 [INFO] database query slow (req-1610)
2026-09-08 00:00:00 [INFO] connection reset by peer (req-1611)
2026-09-08 01:00:00 [WARN] payment gateway timeout (req-1612)
2026-09-08 02:00:00 [INFO] database query slow (req-1613)
2026-09-08 03:00:00 [INFO] cache miss on product page (req-1614)
2026-09-08 04:00:00 [WARN] database query slow (req-1615)
2026-09-08 05:00:00 [INFO] request completed (req-1616)
2026-09-08 06:00:00 [ERROR] connection reset by peer (req-1617)
2026-09-08 07:00:00 [INFO] payment gateway timeout (req-1618)
2026-09-08 08:00:00 [INFO] database query slow (req-1619)
2026-09-08 00:00:00 [INFO] connection reset by peer (req-1620)
2026-09-08 01:00:00 [INFO] request completed (req-1621)
2026-09-08 02:00:00 [INFO] user login successful (req-1622)
2026-09-08 03:00:00 [INFO] connection reset by peer (req-1623)
2026-09-08 04:00:00 [INFO] cache miss on product page (req-1624)
2026-09-08 05:00:00 [ERROR] payment gateway timeout (req-1625)
2026-09-08 06:00:00 [INFO] payment gateway timeout (req-1626)
2026-09-08 07:00:00 [INFO] session expired (req-1627)
2026-09-08 08:00:00 [WARN] payment gateway timeout (req-1628)
2026-09-08 00:00:00 [INFO] request completed (req-1629)
2026-09-08 01:00:00 [INFO] request completed (req-1630)
2026-09-08 02:00:00 [INFO] request completed (req-1631)
2026-09-08 03:00:00 [ERROR] request completed (req-1632)
2026-09-08 04:00:00 [INFO] cache miss on product page (req-1633)
2026-09-08 05:00:00 [INFO] disk usage high (req-1634)
2026-09-08 06:00:00 [INFO] user login successful (req-1635)
2026-09-08 07:00:00 [INFO] disk usage high (req-1636)
2026-09-08 08:00:00 [INFO] connection reset by peer (req-1637)
2026-09-08 00:00:00 [INFO] connection reset by peer (req-1638)
2026-09-08 01:00:00 [INFO] cache miss on product page (req-1639)
2026-09-08 02:00:00 [INFO] cache miss on product page (req-1640)
2026-09-08 03:00:00 [INFO] cache miss on product page (req-1641)
2026-09-08 04:00:00 [ERROR] disk usage high (req-1642)
2026-09-08 05:00:00 [INFO] cache miss on product page (req-1643)
2026-09-08 06:00:00 [INFO] connection reset by peer (req-1644)
2026-09-08 07:00:00 [INFO] session expired (req-1645)
2026-09-08 08:00:00 [INFO] session expired (req-1646)
2026-09-08 00:00:00 [INFO] request completed (req-1647)
2026-09-08 01:00:00 [INFO] request completed (req-1648)
2026-09-08 02:00:00 [INFO] connection reset by peer (req-1649)
2026-09-08 03:00:00 [INFO] connection reset by peer (req-1650)
2026-09-08 04:00:00 [ERROR] payment gateway timeout (req-1651)
2026-09-08 05:00:00 [ERROR] request completed (req-1652)
2026-09-08 06:00:00 [INFO] disk usage high (req-1653)
2026-09-08 07:00:00 [INFO] user login successful (req-1654)
2026-09-08 08:00:00 [INFO] request completed (req-1655)
2026-09-08 00:00:00 [INFO] session expired (req-1656)
2026-09-08 01:00:00 [INFO] disk usage high (req-1657)
2026-09-08 02:00:00 [INFO] cache miss on product page (req-1658)
2026-09-08 03:00:00 [INFO] disk usage high (req-1659)
2026-09-08 04:00:00 [INFO] connection reset by peer (req-1660)
2026-09-08 05:00:00 [WARN] disk usage high (req-1661)
2026-09-08 06:00:00 [INFO] connection reset by peer (req-1662)
2026-09-08 07:00:00 [INFO] request completed (req-1663)
2026-09-08 08:00:00 [INFO] session expired (req-1664)
2026-09-08 00:00:00 [INFO] request completed (req-1665)
2026-09-08 01:00:00 [INFO] session expired (req-1666)
2026-09-08 02:00:00 [INFO] user login successful (req-1667)
2026-09-08 03:00:00 [ERROR] database query slow (req-1668)
2026-09-08 04:00:00 [WARN] cache miss on product page (req-1669)
2026-09-08 05:00:00 [INFO] database query slow (req-1670)
2026-09-08 06:00:00 [INFO] connection reset by peer (req-1671)
2026-09-08 07:00:00 [ERROR] user login successful (req-1672)
2026-09-08 08:00:00 [INFO] session expired (req-1673)
2026-09-08 00:00:00 [INFO] payment gateway timeout (req-1674)
2026-09-08 01:00:00 [INFO] cache miss on product page (req-1675)
2026-09-08 02:00:00 [INFO] request completed (req-1676)
2026-09-08 03:00:00 [INFO] payment gateway timeout (req-1677)
2026-09-08 04:00:00 [INFO] session expired (req-1678)
2026-09-08 05:00:00 [INFO] database query slow (req-1679)
2026-09-08 06:00:00 [INFO] request completed (req-1680)
2026-09-08 07:00:00 [INFO] cache miss on product page (req-1681)
2026-09-08 08:00:00 [INFO] database query slow (req-1682)
2026-09-08 00:00:00 [INFO] cache miss on product page (req-1683)
2026-09-08 01:00:00 [INFO] database query slow (req-1684)
2026-09-08 02:00:00 [WARN] session expired (req-1685)
2026-09-08 03:00:00 [WARN] session expired (req-1686)
2026-09-08 04:00:00 [INFO] database query slow (req-1687)
2026-09-08 05:00:00 [INFO] disk usage high (req-1688)
2026-09-08 06:00:00 [INFO] user login successful (req-1689)
2026-09-08 07:00:00 [INFO] payment gateway timeout (req-1690)
2026-09-08 08:00:00 [INFO] connection reset by peer (req-1691)
2026-09-08 00:00:00 [INFO] user login successful (req-1692)
2026-09-08 01:00:00 [INFO] session expired (req-1693)
2026-09-08 02:00:00 [INFO] payment gateway timeout (req-1694)
2026-09-08 03:00:00 [WARN] payment gateway timeout (req-1695)
2026-09-08 04:00:00 [INFO] request completed (req-1696)
2026-09-08 05:00:00 [INFO] payment gateway timeout (req-1697)
2026-09-08 06:00:00 [WARN] disk usage high (req-1698)
2026-09-08 07:00:00 [INFO] disk usage high (req-1699)
2026-09-08 08:00:00 [WARN] payment gateway timeout (req-1700)
2026-09-08 00:00:00 [INFO] payment gateway timeout (req-1701)
2026-09-08 01:00:00 [INFO] disk usage high (req-1702)
2026-09-08 02:00:00 [INFO] connection reset by peer (req-1703)
2026-09-08 03:00:00 [INFO] request completed (req-1704)
2026-09-08 04:00:00 [INFO] request completed (req-1705)
2026-09-08 05:00:00 [INFO] session expired (req-1706)
2026-09-08 06:00:00 [INFO] connection reset by peer (req-1707)
2026-09-08 07:00:00 [INFO] payment gateway timeout (req-1708)
2026-09-08 08:00:00 [INFO] user login successful (req-1709)
2026-09-08 00:00:00 [INFO] database query slow (req-1710)
2026-09-08 01:00:00 [WARN] connection reset by peer (req-1711)
2026-09-08 02:00:00 [WARN] database query slow (req-1712)
2026-09-08 03:00:00 [INFO] request completed (req-1713)
2026-09-08 04:00:00 [ERROR] session expired (req-1714)
2026-09-08 05:00:00 [INFO] database query slow (req-1715)
2026-09-08 06:00:00 [INFO] connection reset by peer (req-1716)
2026-09-08 07:00:00 [INFO] request completed (req-1717)
2026-09-08 08:00:00 [INFO] disk usage high (req-1718)
2026-09-08 00:00:00 [ERROR] disk usage high (req-1719)
2026-09-08 01:00:00 [WARN] connection reset by peer (req-1720)
2026-09-08 02:00:00 [INFO] disk usage high (req-1721)
2026-09-08 03:00:00 [INFO] disk usage high (req-1722)
2026-09-08 04:00:00 [INFO] database query slow (req-1723)
2026-09-08 05:00:00 [INFO] database query slow (req-1724)
2026-09-08 06:00:00 [INFO] database query slow (req-1725)
2026-09-08 07:00:00 [INFO] disk usage high (req-1726)
2026-09-08 08:00:00 [WARN] connection reset by peer (req-1727)
2026-09-08 00:00:00 [INFO] payment gateway timeout (req-1728)
2026-09-08 01:00:00 [INFO] cache miss on product page (req-1729)
2026-09-08 02:00:00 [INFO] cache miss on product page (req-1730)
2026-09-08 03:00:00 [ERROR] connection reset by peer (req-1731)
2026-09-08 04:00:00 [ERROR] cache miss on product page (req-1732)
2026-09-08 05:00:00 [WARN] user login successful (req-1733)
2026-09-08 06:00:00 [INFO] session expired (req-1734)
2026-09-08 07:00:00 [WARN] disk usage high (req-1735)
2026-09-08 08:00:00 [INFO] cache miss on product page (req-1736)
2026-09-08 00:00:00 [ERROR] database query slow (req-1737)
2026-09-08 01:00:00 [INFO] connection reset by peer (req-1738)
2026-09-08 02:00:00 [INFO] user login successful (req-1739)
2026-09-08 03:00:00 [INFO] payment gateway timeout (req-1740)
2026-09-08 04:00:00 [WARN] database query slow (req-1741)
2026-09-08 05:00:00 [WARN] cache miss on product page (req-1742)
2026-09-08 06:00:00 [INFO] payment gateway timeout (req-1743)
2026-09-08 07:00:00 [WARN] session expired (req-1744)
2026-09-08 08:00:00 [ERROR] connection reset by peer (req-1745)
2026-09-08 00:00:00 [WARN] connection reset by peer (req-1746)
2026-09-08 01:00:00 [INFO] payment gateway timeout (req-1747)
2026-09-08 02:00:00 [INFO] database query slow (req-1748)
2026-09-08 03:00:00 [INFO] payment gateway timeout (req-1749)
2026-09-08 04:00:00 [INFO] connection reset by peer (req-1750)
2026-09-08 05:00:00 [ERROR] connection reset by peer (req-1751)
2026-09-08 06:00:00 [ERROR] cache miss on product page (req-1752)
2026-09-08 07:00:00 [WARN] payment gateway timeout (req-1753)
2026-09-08 08:00:00 [INFO] request completed (req-1754)
2026-09-08 00:00:00 [WARN] session expired (req-1755)
2026-09-08 01:00:00 [INFO] session expired (req-1756)
2026-09-08 02:00:00 [WARN] database query slow (req-1757)
2026-09-08 03:00:00 [INFO] disk usage high (req-1758)
2026-09-08 04:00:00 [ERROR] connection reset by peer (req-1759)
2026-09-08 05:00:00 [WARN] disk usage high (req-1760)
2026-09-08 06:00:00 [INFO] request completed (req-1761)
2026-09-08 07:00:00 [INFO] user login successful (req-1762)
2026-09-08 08:00:00 [INFO] disk usage high (req-1763)
2026-09-08 00:00:00 [INFO] disk usage high (req-1764)
2026-09-08 01:00:00 [INFO] database query slow (req-1765)
2026-09-08 02:00:00 [WARN] disk usage high (req-1766)
2026-09-08 03:00:00 [INFO] connection reset by peer (req-1767)
2026-09-08 04:00:00 [INFO] request completed (req-1768)
2026-09-08 05:00:00 [WARN] database query slow (req-1769)
2026-09-08 06:00:00 [INFO] connection reset by peer (req-1770)
2026-09-08 07:00:00 [INFO] session expired (req-1771)
2026-09-08 08:00:00 [INFO] database query slow (req-1772)
2026-09-08 00:00:00 [INFO] session expired (req-1773)
2026-09-08 01:00:00 [WARN] payment gateway timeout (req-1774)
2026-09-08 02:00:00 [WARN] connection reset by peer (req-1775)
2026-09-08 03:00:00 [INFO] database query slow (req-1776)
2026-09-08 04:00:00 [INFO] payment gateway timeout (req-1777)
2026-09-08 05:00:00 [INFO] connection reset by peer (req-1778)
2026-09-08 06:00:00 [INFO] disk usage high (req-1779)
2026-09-08 07:00:00 [INFO] user login successful (req-1780)
2026-09-08 08:00:00 [INFO] cache miss on product page (req-1781)
2026-09-08 00:00:00 [INFO] cache miss on product page (req-1782)
2026-09-08 01:00:00 [INFO] session expired (req-1783)
2026-09-08 02:00:00 [INFO] payment gateway timeout (req-1784)
2026-09-08 03:00:00 [INFO] database query slow (req-1785)
2026-09-08 04:00:00 [INFO] database query slow (req-1786)
2026-09-08 05:00:00 [INFO] payment gateway timeout (req-1787)
2026-09-08 06:00:00 [WARN] cache miss on product page (req-1788)
2026-09-08 07:00:00 [INFO] session expired (req-1789)
2026-09-08 08:00:00 [ERROR] request completed (req-1790)
2026-09-08 00:00:00 [WARN] cache miss on product page (req-1791)
2026-09-08 01:00:00 [INFO] session expired (req-1792)
2026-09-08 02:00:00 [INFO] user login successful (req-1793)
2026-09-08 03:00:00 [INFO] connection reset by peer (req-1794)
2026-09-08 04:00:00 [INFO] session expired (req-1795)
2026-09-08 05:00:00 [INFO] session expired (req-1796)
2026-09-08 06:00:00 [INFO] connection reset by peer (req-1797)
2026-09-08 07:00:00 [ERROR] session expired (req-1798)
2026-09-08 08:00:00 [INFO] database query slow (req-1799)
2026-09-08 00:00:00 [INFO] cache miss on product page (req-1800)
2026-09-08 01:00:00 [INFO] payment gateway timeout (req-1801)
2026-09-08 02:00:00 [INFO] user login successful (req-1802)
2026-09-08 03:00:00 [INFO] payment gateway timeout (req-1803)
2026-09-08 04:00:00 [INFO] session expired (req-1804)
2026-09-08 05:00:00 [ERROR] request completed (req-1805)
2026-09-08 06:00:00 [INFO] database query slow (req-1806)
2026-09-08 07:00:00 [INFO] disk usage high (req-1807)
2026-09-08 08:00:00 [INFO] request completed (req-1808)
2026-09-08 00:00:00 [WARN] cache miss on product page (req-1809)
2026-09-08 01:00:00 [INFO] session expired (req-1810)
2026-09-08 02:00:00 [INFO] database query slow (req-1811)
2026-09-08 03:00:00 [INFO] payment gateway timeout (req-1812)
2026-09-08 04:00:00 [INFO] connection reset by peer (req-1813)
2026-09-08 05:00:00 [WARN] session expired (req-1814)
2026-09-08 06:00:00 [INFO] request completed (req-1815)
2026-09-08 07:00:00 [WARN] cache miss on product page (req-1816)
2026-09-08 08:00:00 [WARN] session expired (req-1817)
2026-09-08 00:00:00 [WARN] user login successful (req-1818)
2026-09-08 01:00:00 [INFO] database query slow (req-1819)
2026-09-08 02:00:00 [INFO] session expired (req-1820)
2026-09-08 03:00:00 [INFO] connection reset by peer (req-1821)
2026-09-08 04:00:00 [ERROR] request completed (req-1822)
2026-09-08 05:00:00 [INFO] user login successful (req-1823)
2026-09-08 06:00:00 [INFO] cache miss on product page (req-1824)
2026-09-08 07:00:00 [INFO] cache miss on product page (req-1825)
2026-09-08 08:00:00 [WARN] payment gateway timeout (req-1826)
2026-09-08 00:00:00 [INFO] database query slow (req-1827)
2026-09-08 01:00:00 [INFO] request completed (req-1828)
2026-09-08 02:00:00 [ERROR] payment gateway timeout (req-1829)
2026-09-08 03:00:00 [INFO] session expired (req-1830)
2026-09-08 04:00:00 [INFO] session expired (req-1831)
2026-09-08 05:00:00 [INFO] session expired (req-1832)
2026-09-08 06:00:00 [INFO] payment gateway timeout (req-1833)
2026-09-08 07:00:00 [INFO] session expired (req-1834)
2026-09-08 08:00:00 [INFO] session expired (req-1835)
2026-09-08 00:00:00 [ERROR] session expired (req-1836)
2026-09-08 01:00:00 [INFO] cache miss on product page (req-1837)
2026-09-08 02:00:00 [ERROR] database query slow (req-1838)
2026-09-08 03:00:00 [INFO] cache miss on product page (req-1839)
2026-09-08 04:00:00 [INFO] connection reset by peer (req-1840)
2026-09-08 05:00:00 [ERROR] database query slow (req-1841)
2026-09-08 06:00:00 [INFO] cache miss on product page (req-1842)
2026-09-08 07:00:00 [INFO] cache miss on product page (req-1843)
2026-09-08 08:00:00 [WARN] connection reset by peer (req-1844)
2026-09-08 00:00:00 [WARN] request completed (req-1845)
2026-09-08 01:00:00 [INFO] database query slow (req-1846)
2026-09-08 02:00:00 [ERROR] payment gateway timeout (req-1847)
2026-09-08 03:00:00 [INFO] cache miss on product page (req-1848)
2026-09-08 04:00:00 [INFO] database query slow (req-1849)
2026-09-08 05:00:00 [INFO] payment gateway timeout (req-1850)
2026-09-08 06:00:00 [ERROR] user login successful (req-1851)
2026-09-08 07:00:00 [INFO] cache miss on product page (req-1852)
2026-09-08 08:00:00 [INFO] database query slow (req-1853)
2026-09-08 00:00:00 [INFO] database query slow (req-1854)
2026-09-08 01:00:00 [INFO] database query slow (req-1855)
2026-09-08 02:00:00 [INFO] database query slow (req-1856)
2026-09-08 03:00:00 [INFO] connection reset by peer (req-1857)
2026-09-08 04:00:00 [INFO] user login successful (req-1858)
2026-09-08 05:00:00 [INFO] disk usage high (req-1859)
2026-09-08 06:00:00 [INFO] user login successful (req-1860)
2026-09-08 07:00:00 [WARN] cache miss on product page (req-1861)
2026-09-08 08:00:00 [INFO] user login successful (req-1862)
2026-09-08 00:00:00 [INFO] database query slow (req-1863)
2026-09-08 01:00:00 [WARN] database query slow (req-1864)
2026-09-08 02:00:00 [INFO] connection reset by peer (req-1865)
2026-09-08 03:00:00 [INFO] database query slow (req-1866)
2026-09-08 04:00:00 [INFO] cache miss on product page (req-1867)
2026-09-08 05:00:00 [ERROR] payment gateway timeout (req-1868)
2026-09-08 06:00:00 [INFO] payment gateway timeout (req-1869)
2026-09-08 07:00:00 [INFO] disk usage high (req-1870)
2026-09-08 08:00:00 [INFO] request completed (req-1871)
2026-09-08 00:00:00 [INFO] request completed (req-1872)
2026-09-08 01:00:00 [INFO] user login successful (req-1873)
2026-09-08 02:00:00 [INFO] user login successful (req-1874)
2026-09-08 03:00:00 [WARN] database query slow (req-1875)
2026-09-08 04:00:00 [ERROR] session expired (req-1876)
2026-09-08 05:00:00 [INFO] session expired (req-1877)
2026-09-08 06:00:00 [INFO] request completed (req-1878)
2026-09-08 07:00:00 [INFO] database query slow (req-1879)
2026-09-08 08:00:00 [INFO] connection reset by peer (req-1880)
2026-09-08 00:00:00 [INFO] disk usage high (req-1881)
2026-09-08 01:00:00 [INFO] cache miss on product page (req-1882)
2026-09-08 02:00:00 [ERROR] database query slow (req-1883)
2026-09-08 03:00:00 [INFO] disk usage high (req-1884)
2026-09-08 04:00:00 [INFO] cache miss on product page (req-1885)
2026-09-08 05:00:00 [INFO] user login successful (req-1886)
2026-09-08 06:00:00 [INFO] user login successful (req-1887)
2026-09-08 07:00:00 [ERROR] connection reset by peer (req-1888)
2026-09-08 08:00:00 [INFO] connection reset by peer (req-1889)
2026-09-08 00:00:00 [ERROR] session expired (req-1890)
2026-09-08 01:00:00 [INFO] request completed (req-1891)
2026-09-08 02:00:00 [INFO] disk usage high (req-1892)
2026-09-08 03:00:00 [WARN] cache miss on product page (req-1893)
2026-09-08 04:00:00 [INFO] request completed (req-1894)
2026-09-08 05:00:00 [WARN] session expired (req-1895)
2026-09-08 06:00:00 [WARN] database query slow (req-1896)
2026-09-08 07:00:00 [INFO] request completed (req-1897)
2026-09-08 08:00:00 [INFO] request completed (req-1898)
2026-09-08 00:00:00 [INFO] user login successful (req-1899)
2026-09-08 01:00:00 [INFO] database query slow (req-1900)
2026-09-08 02:00:00 [INFO] database query slow (req-1901)
2026-09-08 03:00:00 [INFO] session expired (req-1902)
2026-09-08 04:00:00 [INFO] disk usage high (req-1903)
2026-09-08 05:00:00 [INFO] database query slow (req-1904)
2026-09-08 06:00:00 [INFO] database query slow (req-1905)
2026-09-08 07:00:00 [INFO] cache miss on product page (req-1906)
2026-09-08 08:00:00 [ERROR] cache miss on product page (req-1907)
2026-09-08 00:00:00 [INFO] payment gateway timeout (req-1908)
2026-09-08 01:00:00 [INFO] disk usage high (req-1909)
2026-09-08 02:00:00 [WARN] connection reset by peer (req-1910)
2026-09-08 03:00:00 [INFO] request completed (req-1911)
2026-09-08 04:00:00 [INFO] user login successful (req-1912)
2026-09-08 05:00:00 [INFO] user login successful (req-1913)
2026-09-08 06:00:00 [INFO] request completed (req-1914)
2026-09-08 07:00:00 [ERROR] payment gateway timeout (req-1915)
2026-09-08 08:00:00 [ERROR] payment gateway timeout (req-1916)
2026-09-08 00:00:00 [INFO] database query slow (req-1917)
2026-09-08 01:00:00 [INFO] database query slow (req-1918)
2026-09-08 02:00:00 [INFO] disk usage high (req-1919)
2026-09-08 03:00:00 [INFO] connection reset by peer (req-1920)
2026-09-08 04:00:00 [WARN] session expired (req-1921)
2026-09-08 05:00:00 [INFO] session expired (req-1922)
2026-09-08 06:00:00 [INFO] connection reset by peer (req-1923)
2026-09-08 07:00:00 [INFO] connection reset by peer (req-1924)
2026-09-08 08:00:00 [INFO] session expired (req-1925)
2026-09-08 00:00:00 [WARN] user login successful (req-1926)
2026-09-08 01:00:00 [INFO] user login successful (req-1927)
2026-09-08 02:00:00 [INFO] payment gateway timeout (req-1928)
2026-09-08 03:00:00 [INFO] connection reset by peer (req-1929)
2026-09-08 04:00:00 [WARN] session expired (req-1930)
2026-09-08 05:00:00 [WARN] database query slow (req-1931)
2026-09-08 06:00:00 [INFO] payment gateway timeout (req-1932)
2026-09-08 07:00:00 [INFO] cache miss on product page (req-1933)
2026-09-08 08:00:00 [INFO] cache miss on product page (req-1934)
2026-09-08 00:00:00 [INFO] database query slow (req-1935)
2026-09-08 01:00:00 [WARN] cache miss on product page (req-1936)
2026-09-08 02:00:00 [INFO] cache miss on product page (req-1937)
2026-09-08 03:00:00 [INFO] payment gateway timeout (req-1938)
2026-09-08 04:00:00 [WARN] payment gateway timeout (req-1939)
2026-09-08 05:00:00 [WARN] session expired (req-1940)
2026-09-08 06:00:00 [WARN] database query slow (req-1941)
2026-09-08 07:00:00 [ERROR] payment gateway timeout (req-1942)
2026-09-08 08:00:00 [INFO] session expired (req-1943)
2026-09-08 00:00:00 [WARN] connection reset by peer (req-1944)
2026-09-08 01:00:00 [INFO] connection reset by peer (req-1945)
2026-09-08 02:00:00 [INFO] user login successful (req-1946)
2026-09-08 03:00:00 [INFO] connection reset by peer (req-1947)
2026-09-08 04:00:00 [WARN] session expired (req-1948)
2026-09-08 05:00:00 [WARN] session expired (req-1949)
2026-09-08 06:00:00 [INFO] payment gateway timeout (req-1950)
2026-09-08 07:00:00 [ERROR] database query slow (req-1951)
2026-09-08 08:00:00 [INFO] connection reset by peer (req-1952)
2026-09-08 00:00:00 [INFO] payment gateway timeout (req-1953)
2026-09-08 01:00:00 [INFO] payment gateway timeout (req-1954)
2026-09-08 02:00:00 [INFO] session expired (req-1955)
2026-09-08 03:00:00 [INFO] cache miss on product page (req-1956)
2026-09-08 04:00:00 [INFO] cache miss on product page (req-1957)
2026-09-08 05:00:00 [INFO] cache miss on product page (req-1958)
2026-09-08 06:00:00 [INFO] disk usage high (req-1959)
2026-09-08 07:00:00 [INFO] session expired (req-1960)
2026-09-08 08:00:00 [INFO] user login successful (req-1961)
2026-09-08 00:00:00 [INFO] connection reset by peer (req-1962)
2026-09-08 01:00:00 [WARN] user login successful (req-1963)
2026-09-08 02:00:00 [INFO] cache miss on product page (req-1964)
2026-09-08 03:00:00 [INFO] session expired (req-1965)
2026-09-08 04:00:00 [INFO] payment gateway timeout (req-1966)
2026-09-08 05:00:00 [INFO] user login successful (req-1967)
2026-09-08 06:00:00 [ERROR] cache miss on product page (req-1968)
2026-09-08 07:00:00 [INFO] database query slow (req-1969)
2026-09-08 08:00:00 [INFO] session expired (req-1970)
2026-09-08 00:00:00 [INFO] disk usage high (req-1971)
2026-09-08 01:00:00 [WARN] cache miss on product page (req-1972)
2026-09-08 02:00:00 [INFO] session expired (req-1973)
2026-09-08 03:00:00 [INFO] payment gateway timeout (req-1974)
2026-09-08 04:00:00 [INFO] connection reset by peer (req-1975)
2026-09-08 05:00:00 [INFO] request completed (req-1976)
2026-09-08 06:00:00 [WARN] session expired (req-1977)
2026-09-08 07:00:00 [INFO] user login successful (req-1978)
2026-09-08 08:00:00 [WARN] database query slow (req-1979)
2026-09-08 00:00:00 [ERROR] cache miss on product page (req-1980)
2026-09-08 01:00:00 [ERROR] database query slow (req-1981)
2026-09-08 02:00:00 [INFO] database query slow (req-1982)
2026-09-08 03:00:00 [INFO] payment gateway timeout (req-1983)
2026-09-08 04:00:00 [INFO] database query slow (req-1984)
2026-09-08 05:00:00 [INFO] payment gateway timeout (req-1985)
2026-09-08 06:00:00 [INFO] session expired (req-1986)
2026-09-08 07:00:00 [INFO] session expired (req-1987)
2026-09-08 08:00:00 [WARN] user login successful (req-1988)
2026-09-08 00:00:00 [INFO] request completed (req-1989)
2026-09-08 01:00:00 [INFO] database query slow (req-1990)
2026-09-08 02:00:00 [WARN] session expired (req-1991)
2026-09-08 03:00:00 [INFO] disk usage high (req-1992)
2026-09-08 04:00:00 [INFO] session expired (req-1993)
2026-09-08 05:00:00 [INFO] connection reset by peer (req-1994)
2026-09-08 06:00:00 [INFO] request completed (req-1995)
2026-09-08 07:00:00 [INFO] user login successful (req-1996)
2026-09-08 08:00:00 [ERROR] payment gateway timeout (req-1997)
2026-09-08 00:00:00 [ERROR] cache miss on product page (req-1998)
2026-09-08 01:00:00 [INFO] user login successful (req-1999)
2026-09-08 02:00:00 [INFO] user login successful (req-2000)
2026-09-08 03:00:00 [INFO] user login successful (req-2001)
2026-09-08 04:00:00 [INFO] request completed (req-2002)
2026-09-08 05:00:00 [INFO] connection reset by peer (req-2003)
2026-09-08 06:00:00 [INFO] connection reset by peer (req-2004)
2026-09-08 07:00:00 [WARN] disk usage high (req-2005)
2026-09-08 08:00:00 [INFO] request completed (req-2006)
2026-09-08 00:00:00 [INFO] disk usage high (req-2007)
2026-09-08 01:00:00 [ERROR] request completed (req-2008)
2026-09-08 02:00:00 [INFO] request completed (req-2009)
2026-09-08 03:00:00 [INFO] cache miss on product page (req-2010)
2026-09-08 04:00:00 [WARN] payment gateway timeout (req-2011)
2026-09-08 05:00:00 [ERROR] session expired (req-2012)
2026-09-08 06:00:00 [INFO] database query slow (req-2013)
2026-09-08 07:00:00 [INFO] user login successful (req-2014)
2026-09-08 08:00:00 [ERROR] session expired (req-2015)
2026-09-08 00:00:00 [INFO] user login successful (req-2016)
2026-09-08 01:00:00 [INFO] connection reset by peer (req-2017)
2026-09-08 02:00:00 [INFO] request completed (req-2018)
2026-09-08 03:00:00 [INFO] payment gateway timeout (req-2019)
2026-09-08 04:00:00 [WARN] database query slow (req-2020)
2026-09-08 05:00:00 [INFO] database query slow (req-2021)
2026-09-08 06:00:00 [INFO] user login successful (req-2022)
2026-09-08 07:00:00 [INFO] session expired (req-2023)
2026-09-08 08:00:00 [INFO] disk usage high (req-2024)
2026-09-08 00:00:00 [INFO] request completed (req-2025)
2026-09-08 01:00:00 [INFO] disk usage high (req-2026)
2026-09-08 02:00:00 [INFO] database query slow (req-2027)
2026-09-08 03:00:00 [INFO] session expired (req-2028)
2026-09-08 04:00:00 [INFO] disk usage high (req-2029)
2026-09-08 05:00:00 [INFO] request completed (req-2030)
2026-09-08 06:00:00 [ERROR] cache miss on product page (req-2031)
2026-09-08 07:00:00 [INFO] user login successful (req-2032)
2026-09-08 08:00:00 [INFO] request completed (req-2033)
2026-09-08 00:00:00 [WARN] user login successful (req-2034)
2026-09-08 01:00:00 [ERROR] database query slow (req-2035)
2026-09-08 02:00:00 [INFO] payment gateway timeout (req-2036)
2026-09-08 03:00:00 [INFO] cache miss on product page (req-2037)
2026-09-08 04:00:00 [INFO] database query slow (req-2038)
2026-09-08 05:00:00 [WARN] payment gateway timeout (req-2039)
2026-09-08 06:00:00 [WARN] payment gateway timeout (req-2040)
2026-09-08 07:00:00 [ERROR] request completed (req-2041)
2026-09-08 08:00:00 [INFO] database query slow (req-2042)
2026-09-08 00:00:00 [ERROR] cache miss on product page (req-2043)
2026-09-08 01:00:00 [INFO] user login successful (req-2044)
2026-09-08 02:00:00 [INFO] payment gateway timeout (req-2045)
2026-09-08 03:00:00 [INFO] database query slow (req-2046)
2026-09-08 04:00:00 [INFO] disk usage high (req-2047)
2026-09-08 05:00:00 [INFO] request completed (req-2048)
2026-09-08 06:00:00 [INFO] disk usage high (req-2049)
2026-09-08 07:00:00 [INFO] request completed (req-2050)
2026-09-08 08:00:00 [INFO] cache miss on product page (req-2051)
2026-09-08 00:00:00 [INFO] cache miss on product page (req-2052)
2026-09-08 01:00:00 [INFO] disk usage high (req-2053)
2026-09-08 02:00:00 [INFO] user login successful (req-2054)
2026-09-08 03:00:00 [INFO] request completed (req-2055)
2026-09-08 04:00:00 [ERROR] payment gateway timeout (req-2056)
2026-09-08 05:00:00 [INFO] database query slow (req-2057)
2026-09-08 06:00:00 [ERROR] cache miss on product page (req-2058)
2026-09-08 07:00:00 [INFO] database query slow (req-2059)
2026-09-08 08:00:00 [ERROR] database query slow (req-2060)
2026-09-08 00:00:00 [INFO] cache miss on product page (req-2061)
2026-09-08 01:00:00 [INFO] user login successful (req-2062)
2026-09-08 02:00:00 [INFO] disk usage high (req-2063)
2026-09-08 03:00:00 [WARN] connection reset by peer (req-2064)
2026-09-08 04:00:00 [INFO] session expired (req-2065)
2026-09-08 05:00:00 [INFO] connection reset by peer (req-2066)
2026-09-08 06:00:00 [INFO] payment gateway timeout (req-2067)
2026-09-08 07:00:00 [INFO] request completed (req-2068)
2026-09-08 08:00:00 [INFO] request completed (req-2069)
2026-09-08 00:00:00 [INFO] disk usage high (req-2070)
2026-09-08 01:00:00 [INFO] database query slow (req-2071)
2026-09-08 02:00:00 [INFO] session expired (req-2072)
2026-09-08 03:00:00 [WARN] database query slow (req-2073)
2026-09-08 04:00:00 [INFO] session expired (req-2074)
2026-09-08 05:00:00 [ERROR] connection reset by peer (req-2075)
2026-09-08 06:00:00 [INFO] connection reset by peer (req-2076)
2026-09-08 07:00:00 [INFO] user login successful (req-2077)
2026-09-08 08:00:00 [WARN] connection reset by peer (req-2078)
2026-09-08 00:00:00 [ERROR] disk usage high (req-2079)
2026-09-08 01:00:00 [INFO] user login successful (req-2080)
2026-09-08 02:00:00 [WARN] connection reset by peer (req-2081)
2026-09-08 03:00:00 [ERROR] session expired (req-2082)
2026-09-08 04:00:00 [INFO] payment gateway timeout (req-2083)
2026-09-08 05:00:00 [INFO] user login successful (req-2084)
2026-09-08 06:00:00 [INFO] cache miss on product page (req-2085)
2026-09-08 07:00:00 [INFO] payment gateway timeout (req-2086)
2026-09-08 08:00:00 [INFO] disk usage high (req-2087)
2026-09-08 00:00:00 [INFO] session expired (req-2088)
2026-09-08 01:00:00 [INFO] database query slow (req-2089)
2026-09-08 02:00:00 [WARN] disk usage high (req-2090)
2026-09-08 03:00:00 [INFO] database query slow (req-2091)
2026-09-08 04:00:00 [INFO] payment gateway timeout (req-2092)
2026-09-08 05:00:00 [INFO] session expired (req-2093)
2026-09-08 06:00:00 [WARN] session expired (req-2094)
2026-09-08 07:00:00 [INFO] payment gateway timeout (req-2095)
2026-09-08 08:00:00 [INFO] connection reset by peer (req-2096)
2026-09-08 00:00:00 [INFO] payment gateway timeout (req-2097)
2026-09-08 01:00:00 [INFO] connection reset by peer (req-2098)
2026-09-08 02:00:00 [INFO] cache miss on product page (req-2099)
2026-09-08 03:00:00 [ERROR] disk usage high (req-2100)
2026-09-08 04:00:00 [INFO] disk usage high (req-2101)
2026-09-08 05:00:00 [INFO] request completed (req-2102)
2026-09-08 06:00:00 [ERROR] cache miss on product page (req-2103)
2026-09-08 07:00:00 [INFO] database query slow (req-2104)
2026-09-08 08:00:00 [INFO] session expired (req-2105)
2026-09-08 00:00:00 [INFO] cache miss on product page (req-2106)
2026-09-08 01:00:00 [INFO] cache miss on product page (req-2107)
2026-09-08 02:00:00 [WARN] cache miss on product page (req-2108)
2026-09-08 03:00:00 [WARN] database query slow (req-2109)
2026-09-08 04:00:00 [INFO] cache miss on product page (req-2110)
2026-09-08 05:00:00 [WARN] user login successful (req-2111)
2026-09-08 06:00:00 [ERROR] database query slow (req-2112)
2026-09-08 07:00:00 [INFO] user login successful (req-2113)
2026-09-08 08:00:00 [ERROR] connection reset by peer (req-2114)
2026-09-08 00:00:00 [INFO] disk usage high (req-2115)
2026-09-08 01:00:00 [INFO] session expired (req-2116)
2026-09-08 02:00:00 [INFO] request completed (req-2117)
2026-09-08 03:00:00 [INFO] payment gateway timeout (req-2118)
2026-09-08 04:00:00 [INFO] payment gateway timeout (req-2119)
2026-09-08 05:00:00 [WARN] session expired (req-2120)
2026-09-08 06:00:00 [INFO] disk usage high (req-2121)
2026-09-08 07:00:00 [INFO] connection reset by peer (req-2122)
2026-09-08 08:00:00 [WARN] session expired (req-2123)
2026-09-08 00:00:00 [INFO] payment gateway timeout (req-2124)
2026-09-08 01:00:00 [INFO] session expired (req-2125)
2026-09-08 02:00:00 [INFO] session expired (req-2126)
2026-09-08 03:00:00 [WARN] database query slow (req-2127)
2026-09-08 04:00:00 [INFO] user login successful (req-2128)
2026-09-08 05:00:00 [INFO] database query slow (req-2129)
2026-09-08 06:00:00 [WARN] cache miss on product page (req-2130)
2026-09-08 07:00:00 [INFO] database query slow (req-2131)
2026-09-08 08:00:00 [INFO] database query slow (req-2132)
2026-09-08 00:00:00 [INFO] session expired (req-2133)
2026-09-08 01:00:00 [INFO] payment gateway timeout (req-2134)
2026-09-08 02:00:00 [ERROR] request completed (req-2135)
2026-09-08 03:00:00 [INFO] user login successful (req-2136)
2026-09-08 04:00:00 [INFO] request completed (req-2137)
2026-09-08 05:00:00 [INFO] payment gateway timeout (req-2138)
2026-09-08 06:00:00 [INFO] cache miss on product page (req-2139)
2026-09-08 07:00:00 [INFO] connection reset by peer (req-2140)
2026-09-08 08:00:00 [INFO] disk usage high (req-2141)
2026-09-08 00:00:00 [INFO] database query slow (req-2142)
2026-09-08 01:00:00 [WARN] disk usage high (req-2143)
2026-09-08 02:00:00 [INFO] payment gateway timeout (req-2144)
2026-09-08 03:00:00 [WARN] session expired (req-2145)
2026-09-08 04:00:00 [WARN] session expired (req-2146)
2026-09-08 05:00:00 [ERROR] cache miss on product page (req-2147)
2026-09-08 06:00:00 [INFO] database query slow (req-2148)
2026-09-08 07:00:00 [INFO] session expired (req-2149)
2026-09-08 08:00:00 [WARN] user login successful (req-2150)
2026-09-08 00:00:00 [ERROR] user login successful (req-2151)
2026-09-08 01:00:00 [INFO] disk usage high (req-2152)
2026-09-08 02:00:00 [WARN] user login successful (req-2153)
2026-09-08 03:00:00 [INFO] database query slow (req-2154)
2026-09-08 04:00:00 [INFO] request completed (req-2155)
2026-09-08 05:00:00 [INFO] user login successful (req-2156)
2026-09-08 06:00:00 [INFO] database query slow (req-2157)
2026-09-08 07:00:00 [INFO] request completed (req-2158)
2026-09-08 08:00:00 [WARN] user login successful (req-2159)
2026-09-08 00:00:00 [INFO] database query slow (req-2160)
2026-09-08 01:00:00 [INFO] session expired (req-2161)
2026-09-08 02:00:00 [INFO] database query slow (req-2162)
2026-09-08 03:00:00 [INFO] payment gateway timeout (req-2163)
2026-09-08 04:00:00 [ERROR] connection reset by peer (req-2164)
2026-09-08 05:00:00 [INFO] user login successful (req-2165)
2026-09-08 06:00:00 [WARN] request completed (req-2166)
2026-09-08 07:00:00 [INFO] user login successful (req-2167)
2026-09-08 08:00:00 [INFO] database query slow (req-2168)
2026-09-08 00:00:00 [INFO] connection reset by peer (req-2169)
2026-09-08 01:00:00 [INFO] database query slow (req-2170)
2026-09-08 02:00:00 [INFO] disk usage high (req-2171)
2026-09-08 03:00:00 [INFO] disk usage high (req-2172)
2026-09-08 04:00:00 [ERROR] request completed (req-2173)
2026-09-08 05:00:00 [INFO] request completed (req-2174)
2026-09-08 06:00:00 [WARN] disk usage high (req-2175)
2026-09-08 07:00:00 [WARN] session expired (req-2176)
2026-09-08 08:00:00 [INFO] user login successful (req-2177)
2026-09-08 00:00:00 [INFO] connection reset by peer (req-2178)
2026-09-08 01:00:00 [WARN] user login successful (req-2179)
2026-09-08 02:00:00 [INFO] payment gateway timeout (req-2180)
2026-09-08 03:00:00 [INFO] user login successful (req-2181)
2026-09-08 04:00:00 [INFO] connection reset by peer (req-2182)
2026-09-08 05:00:00 [INFO] database query slow (req-2183)
2026-09-08 06:00:00 [INFO] cache miss on product page (req-2184)
2026-09-08 07:00:00 [INFO] request completed (req-2185)
2026-09-08 08:00:00 [INFO] disk usage high (req-2186)
2026-09-08 00:00:00 [ERROR] session expired (req-2187)
2026-09-08 01:00:00 [INFO] user login successful (req-2188)
2026-09-08 02:00:00 [INFO] user login successful (req-2189)
2026-09-08 03:00:00 [INFO] user login successful (req-2190)
2026-09-08 04:00:00 [WARN] user login successful (req-2191)
2026-09-08 05:00:00 [INFO] database query slow (req-2192)
2026-09-08 06:00:00 [INFO] database query slow (req-2193)
2026-09-08 07:00:00 [INFO] disk usage high (req-2194)
2026-09-08 08:00:00 [ERROR] connection reset by peer (req-2195)
2026-09-08 00:00:00 [INFO] request completed (req-2196)
2026-09-08 01:00:00 [INFO] user login successful (req-2197)
2026-09-08 02:00:00 [WARN] session expired (req-2198)
2026-09-08 03:00:00 [INFO] request completed (req-2199)
2026-09-08 04:00:00 [INFO] cache miss on product page (req-2200)
2026-09-08 05:00:00 [INFO] cache miss on product page (req-2201)
2026-09-08 06:00:00 [INFO] session expired (req-2202)
2026-09-08 07:00:00 [INFO] connection reset by peer (req-2203)
2026-09-08 08:00:00 [INFO] session expired (req-2204)
2026-09-08 00:00:00 [INFO] request completed (req-2205)
2026-09-08 01:00:00 [INFO] payment gateway timeout (req-2206)
2026-09-08 02:00:00 [INFO] cache miss on product page (req-2207)
2026-09-08 03:00:00 [ERROR] user login successful (req-2208)
2026-09-08 04:00:00 [INFO] payment gateway timeout (req-2209)
2026-09-08 05:00:00 [INFO] cache miss on product page (req-2210)
2026-09-08 06:00:00 [WARN] cache miss on product page (req-2211)
2026-09-08 07:00:00 [WARN] database query slow (req-2212)
2026-09-08 08:00:00 [INFO] connection reset by peer (req-2213)
2026-09-08 00:00:00 [INFO] disk usage high (req-2214)
2026-09-08 01:00:00 [INFO] disk usage high (req-2215)
2026-09-08 02:00:00 [INFO] cache miss on product page (req-2216)
2026-09-08 03:00:00 [INFO] connection reset by peer (req-2217)
2026-09-08 04:00:00 [INFO] cache miss on product page (req-2218)
2026-09-08 05:00:00 [INFO] session expired (req-2219)
2026-09-08 06:00:00 [WARN] database query slow (req-2220)
2026-09-08 07:00:00 [INFO] connection reset by peer (req-2221)
2026-09-08 08:00:00 [INFO] database query slow (req-2222)
2026-09-08 00:00:00 [INFO] user login successful (req-2223)
2026-09-08 01:00:00 [INFO] database query slow (req-2224)
2026-09-08 02:00:00 [INFO] payment gateway timeout (req-2225)
2026-09-08 03:00:00 [INFO] payment gateway timeout (req-2226)
2026-09-08 04:00:00 [INFO] connection reset by peer (req-2227)
2026-09-08 05:00:00 [INFO] database query slow (req-2228)
2026-09-08 06:00:00 [INFO] disk usage high (req-2229)
2026-09-08 07:00:00 [INFO] request completed (req-2230)
2026-09-08 08:00:00 [WARN] session expired (req-2231)
2026-09-08 00:00:00 [INFO] cache miss on product page (req-2232)
2026-09-08 01:00:00 [ERROR] payment gateway timeout (req-2233)
2026-09-08 02:00:00 [INFO] cache miss on product page (req-2234)
2026-09-08 03:00:00 [INFO] session expired (req-2235)
2026-09-08 04:00:00 [INFO] payment gateway timeout (req-2236)
2026-09-08 05:00:00 [ERROR] payment gateway timeout (req-2237)
2026-09-08 06:00:00 [INFO] disk usage high (req-2238)
2026-09-08 07:00:00 [INFO] payment gateway timeout (req-2239)
2026-09-08 08:00:00 [INFO] session expired (req-2240)
2026-09-08 00:00:00 [INFO] user login successful (req-2241)
2026-09-08 01:00:00 [INFO] cache miss on product page (req-2242)
2026-09-08 02:00:00 [INFO] connection reset by peer (req-2243)
2026-09-08 03:00:00 [INFO] session expired (req-2244)
2026-09-08 04:00:00 [INFO] disk usage high (req-2245)
2026-09-08 05:00:00 [INFO] request completed (req-2246)
2026-09-08 06:00:00 [INFO] connection reset by peer (req-2247)
2026-09-08 07:00:00 [WARN] payment gateway timeout (req-2248)
2026-09-08 08:00:00 [INFO] session expired (req-2249)
2026-09-08 00:00:00 [ERROR] connection reset by peer (req-2250)
2026-09-08 01:00:00 [INFO] disk usage high (req-2251)
2026-09-08 02:00:00 [INFO] database query slow (req-2252)
2026-09-08 03:00:00 [INFO] disk usage high (req-2253)
2026-09-08 04:00:00 [INFO] cache miss on product page (req-2254)
2026-09-08 05:00:00 [INFO] user login successful (req-2255)
2026-09-08 06:00:00 [INFO] user login successful (req-2256)
2026-09-08 07:00:00 [INFO] cache miss on product page (req-2257)
2026-09-08 08:00:00 [WARN] request completed (req-2258)
2026-09-08 00:00:00 [WARN] payment gateway timeout (req-2259)
2026-09-08 01:00:00 [INFO] connection reset by peer (req-2260)
2026-09-08 02:00:00 [INFO] cache miss on product page (req-2261)
2026-09-08 03:00:00 [INFO] payment gateway timeout (req-2262)
2026-09-08 04:00:00 [WARN] connection reset by peer (req-2263)
2026-09-08 05:00:00 [INFO] disk usage high (req-2264)
2026-09-08 06:00:00 [INFO] session expired (req-2265)
2026-09-08 07:00:00 [INFO] user login successful (req-2266)
2026-09-08 08:00:00 [INFO] session expired (req-2267)
2026-09-08 00:00:00 [INFO] session expired (req-2268)
2026-09-08 01:00:00 [WARN] user login successful (req-2269)
2026-09-08 02:00:00 [ERROR] request completed (req-2270)
2026-09-08 03:00:00 [INFO] database query slow (req-2271)
2026-09-08 04:00:00 [INFO] database query slow (req-2272)
2026-09-08 05:00:00 [WARN] connection reset by peer (req-2273)
2026-09-08 06:00:00 [INFO] payment gateway timeout (req-2274)
2026-09-08 07:00:00 [INFO] session expired (req-2275)
2026-09-08 08:00:00 [INFO] session expired (req-2276)
2026-09-08 00:00:00 [INFO] connection reset by peer (req-2277)
2026-09-08 01:00:00 [INFO] session expired (req-2278)
2026-09-08 02:00:00 [ERROR] connection reset by peer (req-2279)
2026-09-08 03:00:00 [INFO] cache miss on product page (req-2280)
2026-09-08 04:00:00 [INFO] cache miss on product page (req-2281)
2026-09-08 05:00:00 [INFO] request completed (req-2282)
2026-09-08 06:00:00 [INFO] cache miss on product page (req-2283)
2026-09-08 07:00:00 [WARN] session expired (req-2284)
2026-09-08 08:00:00 [INFO] request completed (req-2285)
2026-09-08 00:00:00 [WARN] disk usage high (req-2286)
2026-09-08 01:00:00 [INFO] cache miss on product page (req-2287)
2026-09-08 02:00:00 [INFO] database query slow (req-2288)
2026-09-08 03:00:00 [INFO] user login successful (req-2289)
2026-09-08 04:00:00 [INFO] connection reset by peer (req-2290)
2026-09-08 05:00:00 [INFO] payment gateway timeout (req-2291)
2026-09-08 06:00:00 [INFO] disk usage high (req-2292)
2026-09-08 07:00:00 [ERROR] connection reset by peer (req-2293)
2026-09-08 08:00:00 [INFO] session expired (req-2294)
2026-09-08 00:00:00 [ERROR] disk usage high (req-2295)
2026-09-08 01:00:00 [INFO] disk usage high (req-2296)
2026-09-08 02:00:00 [ERROR] user login successful (req-2297)
2026-09-08 03:00:00 [INFO] user login successful (req-2298)
2026-09-08 04:00:00 [WARN] database query slow (req-2299)
2026-09-08 05:00:00 [WARN] payment gateway timeout (req-2300)
2026-09-08 06:00:00 [INFO] disk usage high (req-2301)
2026-09-08 07:00:00 [INFO] cache miss on product page (req-2302)
2026-09-08 08:00:00 [INFO] user login successful (req-2303)
2026-09-08 00:00:00 [INFO] payment gateway timeout (req-2304)
2026-09-08 01:00:00 [INFO] session expired (req-2305)
2026-09-08 02:00:00 [WARN] disk usage high (req-2306)
2026-09-08 03:00:00 [INFO] connection reset by peer (req-2307)
2026-09-08 04:00:00 [INFO] cache miss on product page (req-2308)
2026-09-08 05:00:00 [INFO] database query slow (req-2309)
2026-09-08 06:00:00 [INFO] session expired (req-2310)
2026-09-08 07:00:00 [INFO] connection reset by peer (req-2311)
2026-09-08 08:00:00 [INFO] session expired (req-2312)
2026-09-08 00:00:00 [INFO] session expired (req-2313)
2026-09-08 01:00:00 [INFO] payment gateway timeout (req-2314)
2026-09-08 02:00:00 [ERROR] cache miss on product page (req-2315)
2026-09-08 03:00:00 [INFO] connection reset by peer (req-2316)
2026-09-08 04:00:00 [WARN] connection reset by peer (req-2317)
2026-09-08 05:00:00 [INFO] payment gateway timeout (req-2318)
2026-09-08 06:00:00 [INFO] database query slow (req-2319)
2026-09-08 07:00:00 [INFO] payment gateway timeout (req-2320)
2026-09-08 08:00:00 [INFO] database query slow (req-2321)
2026-09-08 00:00:00 [INFO] user login successful (req-2322)
2026-09-08 01:00:00 [INFO] disk usage high (req-2323)
2026-09-08 02:00:00 [INFO] payment gateway timeout (req-2324)
2026-09-08 03:00:00 [INFO] cache miss on product page (req-2325)
2026-09-08 04:00:00 [INFO] disk usage high (req-2326)
2026-09-08 05:00:00 [WARN] payment gateway timeout (req-2327)
2026-09-08 06:00:00 [INFO] session expired (req-2328)
2026-09-08 07:00:00 [INFO] payment gateway timeout (req-2329)
2026-09-08 08:00:00 [INFO] disk usage high (req-2330)
2026-09-08 00:00:00 [INFO] request completed (req-2331)
2026-09-08 01:00:00 [WARN] payment gateway timeout (req-2332)
2026-09-08 02:00:00 [INFO] connection reset by peer (req-2333)
2026-09-08 03:00:00 [INFO] disk usage high (req-2334)
2026-09-08 04:00:00 [WARN] payment gateway timeout (req-2335)
2026-09-08 05:00:00 [INFO] payment gateway timeout (req-2336)
2026-09-08 06:00:00 [ERROR] disk usage high (req-2337)
2026-09-08 07:00:00 [INFO] connection reset by peer (req-2338)
2026-09-08 08:00:00 [WARN] disk usage high (req-2339)
2026-09-08 00:00:00 [INFO] cache miss on product page (req-2340)
2026-09-08 01:00:00 [INFO] disk usage high (req-2341)
2026-09-08 02:00:00 [INFO] request completed (req-2342)
2026-09-08 03:00:00 [INFO] request completed (req-2343)
2026-09-08 04:00:00 [WARN] user login successful (req-2344)
2026-09-08 05:00:00 [INFO] user login successful (req-2345)
2026-09-08 06:00:00 [INFO] database query slow (req-2346)
2026-09-08 07:00:00 [INFO] request completed (req-2347)
2026-09-08 08:00:00 [INFO] payment gateway timeout (req-2348)
2026-09-08 00:00:00 [INFO] request completed (req-2349)
2026-09-08 01:00:00 [WARN] session expired (req-2350)
2026-09-08 02:00:00 [INFO] payment gateway timeout (req-2351)
2026-09-08 03:00:00 [WARN] database query slow (req-2352)
2026-09-08 04:00:00 [INFO] user login successful (req-2353)
2026-09-08 05:00:00 [ERROR] session expired (req-2354)
2026-09-08 06:00:00 [INFO] user login successful (req-2355)
2026-09-08 07:00:00 [WARN] request completed (req-2356)
2026-09-08 08:00:00 [WARN] disk usage high (req-2357)
2026-09-08 00:00:00 [INFO] cache miss on product page (req-2358)
2026-09-08 01:00:00 [INFO] user login successful (req-2359)
2026-09-08 02:00:00 [ERROR] request completed (req-2360)
2026-09-08 03:00:00 [INFO] request completed (req-2361)
2026-09-08 04:00:00 [INFO] cache miss on product page (req-2362)
2026-09-08 05:00:00 [INFO] session expired (req-2363)
2026-09-08 06:00:00 [INFO] database query slow (req-2364)
2026-09-08 07:00:00 [ERROR] database query slow (req-2365)
2026-09-08 08:00:00 [WARN] payment gateway timeout (req-2366)
2026-09-08 00:00:00 [INFO] disk usage high (req-2367)
2026-09-08 01:00:00 [WARN] payment gateway timeout (req-2368)
2026-09-08 02:00:00 [INFO] user login successful (req-2369)
2026-09-08 03:00:00 [INFO] cache miss on product page (req-2370)
2026-09-08 04:00:00 [INFO] connection reset by peer (req-2371)
2026-09-08 05:00:00 [INFO] payment gateway timeout (req-2372)
2026-09-08 06:00:00 [INFO] disk usage high (req-2373)
2026-09-08 07:00:00 [INFO] cache miss on product page (req-2374)
2026-09-08 08:00:00 [INFO] payment gateway timeout (req-2375)
2026-09-08 00:00:00 [INFO] session expired (req-2376)
2026-09-08 01:00:00 [INFO] user login successful (req-2377)
2026-09-08 02:00:00 [ERROR] cache miss on product page (req-2378)
2026-09-08 03:00:00 [WARN] database query slow (req-2379)
2026-09-08 04:00:00 [INFO] session expired (req-2380)
2026-09-08 05:00:00 [INFO] payment gateway timeout (req-2381)
2026-09-08 06:00:00 [INFO] user login successful (req-2382)
2026-09-08 07:00:00 [INFO] payment gateway timeout (req-2383)
2026-09-08 08:00:00 [WARN] connection reset by peer (req-2384)
2026-09-08 00:00:00 [WARN] connection reset by peer (req-2385)
2026-09-08 01:00:00 [INFO] cache miss on product page (req-2386)
2026-09-08 02:00:00 [INFO] cache miss on product page (req-2387)
2026-09-08 03:00:00 [INFO] cache miss on product page (req-2388)
2026-09-08 04:00:00 [INFO] disk usage high (req-2389)
2026-09-08 05:00:00 [INFO] user login successful (req-2390)
2026-09-08 06:00:00 [WARN] connection reset by peer (req-2391)
2026-09-08 07:00:00 [INFO] session expired (req-2392)
2026-09-08 08:00:00 [INFO] database query slow (req-2393)
2026-09-08 00:00:00 [INFO] database query slow (req-2394)
2026-09-08 01:00:00 [INFO] payment gateway timeout (req-2395)
2026-09-08 02:00:00 [INFO] database query slow (req-2396)
2026-09-08 03:00:00 [INFO] session expired (req-2397)
2026-09-08 04:00:00 [INFO] cache miss on product page (req-2398)
2026-09-08 05:00:00 [WARN] session expired (req-2399)
2026-09-08 06:00:00 [INFO] user login successful (req-2400)
2026-09-08 07:00:00 [INFO] user login successful (req-2401)
2026-09-08 08:00:00 [WARN] connection reset by peer (req-2402)
2026-09-08 00:00:00 [INFO] database query slow (req-2403)
2026-09-08 01:00:00 [ERROR] request completed (req-2404)
2026-09-08 02:00:00 [INFO] cache miss on product page (req-2405)
2026-09-08 03:00:00 [INFO] payment gateway timeout (req-2406)
2026-09-08 04:00:00 [INFO] database query slow (req-2407)
2026-09-08 05:00:00 [INFO] database query slow (req-2408)
2026-09-08 06:00:00 [INFO] connection reset by peer (req-2409)
2026-09-08 07:00:00 [INFO] cache miss on product page (req-2410)
2026-09-08 08:00:00 [INFO] cache miss on product page (req-2411)
2026-09-08 00:00:00 [INFO] user login successful (req-2412)
2026-09-08 01:00:00 [WARN] database query slow (req-2413)
2026-09-08 02:00:00 [INFO] session expired (req-2414)
2026-09-08 03:00:00 [WARN] cache miss on product page (req-2415)
2026-09-08 04:00:00 [INFO] user login successful (req-2416)
2026-09-08 05:00:00 [INFO] request completed (req-2417)
2026-09-08 06:00:00 [INFO] cache miss on product page (req-2418)
2026-09-08 07:00:00 [INFO] database query slow (req-2419)
2026-09-08 08:00:00 [INFO] disk usage high (req-2420)
2026-09-08 00:00:00 [WARN] database query slow (req-2421)
2026-09-08 01:00:00 [ERROR] session expired (req-2422)
2026-09-08 02:00:00 [INFO] disk usage high (req-2423)
2026-09-08 03:00:00 [WARN] cache miss on product page (req-2424)
2026-09-08 04:00:00 [ERROR] database query slow (req-2425)
2026-09-08 05:00:00 [WARN] request completed (req-2426)
2026-09-08 06:00:00 [INFO] database query slow (req-2427)
2026-09-08 07:00:00 [WARN] payment gateway timeout (req-2428)
2026-09-08 08:00:00 [INFO] user login successful (req-2429)
2026-09-08 00:00:00 [WARN] session expired (req-2430)
2026-09-08 01:00:00 [INFO] connection reset by peer (req-2431)
2026-09-08 02:00:00 [WARN] session expired (req-2432)
2026-09-08 03:00:00 [ERROR] payment gateway timeout (req-2433)
2026-09-08 04:00:00 [INFO] connection reset by peer (req-2434)
2026-09-08 05:00:00 [ERROR] database query slow (req-2435)
2026-09-08 06:00:00 [ERROR] request completed (req-2436)
2026-09-08 07:00:00 [INFO] request completed (req-2437)
2026-09-08 08:00:00 [WARN] cache miss on product page (req-2438)
2026-09-08 00:00:00 [INFO] user login successful (req-2439)
2026-09-08 01:00:00 [INFO] connection reset by peer (req-2440)
2026-09-08 02:00:00 [INFO] cache miss on product page (req-2441)
2026-09-08 03:00:00 [INFO] disk usage high (req-2442)
2026-09-08 04:00:00 [INFO] user login successful (req-2443)
2026-09-08 05:00:00 [INFO] request completed (req-2444)
2026-09-08 06:00:00 [INFO] user login successful (req-2445)
2026-09-08 07:00:00 [ERROR] connection reset by peer (req-2446)
2026-09-08 08:00:00 [INFO] request completed (req-2447)
2026-09-08 00:00:00 [INFO] session expired (req-2448)
2026-09-08 01:00:00 [INFO] payment gateway timeout (req-2449)
2026-09-08 02:00:00 [INFO] connection reset by peer (req-2450)
2026-09-08 03:00:00 [ERROR] disk usage high (req-2451)
2026-09-08 04:00:00 [INFO] payment gateway timeout (req-2452)
2026-09-08 05:00:00 [INFO] payment gateway timeout (req-2453)
2026-09-08 06:00:00 [INFO] request completed (req-2454)
2026-09-08 07:00:00 [ERROR] user login successful (req-2455)
2026-09-08 08:00:00 [INFO] user login successful (req-2456)
2026-09-08 00:00:00 [WARN] disk usage high (req-2457)
2026-09-08 01:00:00 [WARN] connection reset by peer (req-2458)
2026-09-08 02:00:00 [INFO] payment gateway timeout (req-2459)
2026-09-08 03:00:00 [INFO] payment gateway timeout (req-2460)
2026-09-08 04:00:00 [WARN] session expired (req-2461)
2026-09-08 05:00:00 [INFO] payment gateway timeout (req-2462)
2026-09-08 06:00:00 [INFO] user login successful (req-2463)
2026-09-08 07:00:00 [WARN] user login successful (req-2464)
2026-09-08 08:00:00 [INFO] connection reset by peer (req-2465)
2026-09-08 00:00:00 [INFO] request completed (req-2466)
2026-09-08 01:00:00 [INFO] connection reset by peer (req-2467)
2026-09-08 02:00:00 [INFO] request completed (req-2468)
2026-09-08 03:00:00 [INFO] disk usage high (req-2469)
2026-09-08 04:00:00 [ERROR] disk usage high (req-2470)
2026-09-08 05:00:00 [INFO] disk usage high (req-2471)
2026-09-08 06:00:00 [INFO] connection reset by peer (req-2472)
2026-09-08 07:00:00 [INFO] disk usage high (req-2473)
2026-09-08 08:00:00 [ERROR] cache miss on product page (req-2474)
2026-09-08 00:00:00 [WARN] cache miss on product page (req-2475)
2026-09-08 01:00:00 [INFO] database query slow (req-2476)
2026-09-08 02:00:00 [INFO] database query slow (req-2477)
2026-09-08 03:00:00 [WARN] database query slow (req-2478)
2026-09-08 04:00:00 [INFO] connection reset by peer (req-2479)
2026-09-08 05:00:00 [WARN] database query slow (req-2480)
2026-09-08 06:00:00 [INFO] request completed (req-2481)
2026-09-08 07:00:00 [INFO] payment gateway timeout (req-2482)
2026-09-08 08:00:00 [INFO] cache miss on product page (req-2483)
2026-09-08 00:00:00 [INFO] user login successful (req-2484)
2026-09-08 01:00:00 [INFO] payment gateway timeout (req-2485)
2026-09-08 02:00:00 [INFO] user login successful (req-2486)
2026-09-08 03:00:00 [WARN] payment gateway timeout (req-2487)
2026-09-08 04:00:00 [INFO] request completed (req-2488)
2026-09-08 05:00:00 [INFO] session expired (req-2489)
2026-09-08 06:00:00 [INFO] session expired (req-2490)
2026-09-08 07:00:00 [INFO] payment gateway timeout (req-2491)
2026-09-08 08:00:00 [INFO] session expired (req-2492)
2026-09-08 00:00:00 [INFO] payment gateway timeout (req-2493)
2026-09-08 01:00:00 [INFO] user login successful (req-2494)
2026-09-08 02:00:00 [INFO] session expired (req-2495)
2026-09-08 03:00:00 [INFO] request completed (req-2496)
2026-09-08 04:00:00 [ERROR] payment gateway timeout (req-2497)
2026-09-08 05:00:00 [INFO] database query slow (req-2498)
2026-09-08 06:00:00 [INFO] connection reset by peer (req-2499)
2026-09-08 07:00:00 [INFO] request completed (req-2500)
2026-09-08 08:00:00 [INFO] session expired (req-2501)
2026-09-08 00:00:00 [INFO] request completed (req-2502)
2026-09-08 01:00:00 [ERROR] user login successful (req-2503)
2026-09-08 02:00:00 [WARN] request completed (req-2504)
2026-09-08 03:00:00 [ERROR] request completed (req-2505)
2026-09-08 04:00:00 [INFO] cache miss on product page (req-2506)
2026-09-08 05:00:00 [WARN] connection reset by peer (req-2507)
2026-09-08 06:00:00 [WARN] disk usage high (req-2508)
2026-09-08 07:00:00 [INFO] user login successful (req-2509)
2026-09-08 08:00:00 [INFO] request completed (req-2510)
2026-09-08 00:00:00 [WARN] disk usage high (req-2511)
2026-09-08 01:00:00 [WARN] cache miss on product page (req-2512)
2026-09-08 02:00:00 [INFO] session expired (req-2513)
2026-09-08 03:00:00 [INFO] payment gateway timeout (req-2514)
2026-09-08 04:00:00 [INFO] user login successful (req-2515)
2026-09-08 05:00:00 [ERROR] session expired (req-2516)
2026-09-08 06:00:00 [INFO] disk usage high (req-2517)
2026-09-08 07:00:00 [INFO] database query slow (req-2518)
2026-09-08 08:00:00 [WARN] database query slow (req-2519)
2026-09-08 00:00:00 [INFO] user login successful (req-2520)
2026-09-08 01:00:00 [WARN] cache miss on product page (req-2521)
2026-09-08 02:00:00 [ERROR] payment gateway timeout (req-2522)
2026-09-08 03:00:00 [WARN] user login successful (req-2523)
2026-09-08 04:00:00 [INFO] user login successful (req-2524)
2026-09-08 05:00:00 [INFO] connection reset by peer (req-2525)
2026-09-08 06:00:00 [INFO] session expired (req-2526)
2026-09-08 07:00:00 [INFO] connection reset by peer (req-2527)
2026-09-08 08:00:00 [INFO] database query slow (req-2528)
2026-09-08 00:00:00 [INFO] connection reset by peer (req-2529)
2026-09-08 01:00:00 [ERROR] connection reset by peer (req-2530)
2026-09-08 02:00:00 [INFO] database query slow (req-2531)
2026-09-08 03:00:00 [INFO] database query slow (req-2532)
2026-09-08 04:00:00 [ERROR] user login successful (req-2533)
2026-09-08 05:00:00 [INFO] user login successful (req-2534)
2026-09-08 06:00:00 [INFO] connection reset by peer (req-2535)
2026-09-08 07:00:00 [INFO] user login successful (req-2536)
2026-09-08 08:00:00 [INFO] session expired (req-2537)
2026-09-08 00:00:00 [INFO] user login successful (req-2538)
2026-09-08 01:00:00 [ERROR] payment gateway timeout (req-2539)
2026-09-08 02:00:00 [INFO] payment gateway timeout (req-2540)
2026-09-08 03:00:00 [INFO] request completed (req-2541)
2026-09-08 04:00:00 [INFO] request completed (req-2542)
2026-09-08 05:00:00 [INFO] request completed (req-2543)
2026-09-08 06:00:00 [INFO] database query slow (req-2544)
2026-09-08 07:00:00 [INFO] cache miss on product page (req-2545)
2026-09-08 08:00:00 [INFO] session expired (req-2546)
2026-09-08 00:00:00 [WARN] connection reset by peer (req-2547)
2026-09-08 01:00:00 [INFO] user login successful (req-2548)
2026-09-08 02:00:00 [INFO] request completed (req-2549)
2026-09-08 03:00:00 [INFO] request completed (req-2550)
2026-09-08 04:00:00 [INFO] session expired (req-2551)
2026-09-08 05:00:00 [INFO] payment gateway timeout (req-2552)
2026-09-08 06:00:00 [INFO] database query slow (req-2553)
2026-09-08 07:00:00 [ERROR] user login successful (req-2554)
2026-09-08 08:00:00 [INFO] request completed (req-2555)
2026-09-08 00:00:00 [WARN] session expired (req-2556)
2026-09-08 01:00:00 [INFO] user login successful (req-2557)
2026-09-08 02:00:00 [INFO] disk usage high (req-2558)
2026-09-08 03:00:00 [INFO] session expired (req-2559)
2026-09-08 04:00:00 [INFO] session expired (req-2560)
2026-09-08 05:00:00 [INFO] disk usage high (req-2561)
2026-09-08 06:00:00 [INFO] disk usage high (req-2562)
2026-09-08 07:00:00 [INFO] payment gateway timeout (req-2563)
2026-09-08 08:00:00 [INFO] connection reset by peer (req-2564)
2026-09-08 00:00:00 [INFO] database query slow (req-2565)
2026-09-08 01:00:00 [INFO] disk usage high (req-2566)
2026-09-08 02:00:00 [INFO] user login successful (req-2567)
2026-09-08 03:00:00 [INFO] payment gateway timeout (req-2568)
2026-09-08 04:00:00 [INFO] connection reset by peer (req-2569)
2026-09-08 05:00:00 [INFO] request completed (req-2570)
2026-09-08 06:00:00 [WARN] disk usage high (req-2571)
2026-09-08 07:00:00 [INFO] disk usage high (req-2572)
2026-09-08 08:00:00 [INFO] database query slow (req-2573)
2026-09-08 00:00:00 [INFO] disk usage high (req-2574)
2026-09-08 01:00:00 [INFO] payment gateway timeout (req-2575)
2026-09-08 02:00:00 [ERROR] payment gateway timeout (req-2576)
2026-09-08 03:00:00 [ERROR] connection reset by peer (req-2577)
2026-09-08 04:00:00 [INFO] request completed (req-2578)
2026-09-08 05:00:00 [INFO] disk usage high (req-2579)
2026-09-08 06:00:00 [INFO] payment gateway timeout (req-2580)
2026-09-08 07:00:00 [WARN] user login successful (req-2581)
2026-09-08 08:00:00 [INFO] user login successful (req-2582)
2026-09-08 00:00:00 [ERROR] cache miss on product page (req-2583)
2026-09-08 01:00:00 [WARN] payment gateway timeout (req-2584)
2026-09-08 02:00:00 [INFO] cache miss on product page (req-2585)
2026-09-08 03:00:00 [INFO] database query slow (req-2586)
2026-09-08 04:00:00 [INFO] connection reset by peer (req-2587)
2026-09-08 05:00:00 [INFO] payment gateway timeout (req-2588)
2026-09-08 06:00:00 [INFO] disk usage high (req-2589)
2026-09-08 07:00:00 [INFO] connection reset by peer (req-2590)
2026-09-08 08:00:00 [INFO] disk usage high (req-2591)
2026-09-08 00:00:00 [INFO] disk usage high (req-2592)
2026-09-08 01:00:00 [INFO] connection reset by peer (req-2593)
2026-09-08 02:00:00 [INFO] payment gateway timeout (req-2594)
2026-09-08 03:00:00 [INFO] user login successful (req-2595)
2026-09-08 04:00:00 [ERROR] request completed (req-2596)
2026-09-08 05:00:00 [INFO] session expired (req-2597)
2026-09-08 06:00:00 [INFO] connection reset by peer (req-2598)
2026-09-08 07:00:00 [ERROR] cache miss on product page (req-2599)
2026-09-08 08:00:00 [ERROR] disk usage high (req-2600)
2026-09-08 00:00:00 [ERROR] user login successful (req-2601)
2026-09-08 01:00:00 [INFO] connection reset by peer (req-2602)
2026-09-08 02:00:00 [INFO] connection reset by peer (req-2603)
2026-09-08 03:00:00 [INFO] session expired (req-2604)
2026-09-08 04:00:00 [INFO] database query slow (req-2605)
2026-09-08 05:00:00 [INFO] session expired (req-2606)
2026-09-08 06:00:00 [WARN] session expired (req-2607)
2026-09-08 07:00:00 [INFO] disk usage high (req-2608)
2026-09-08 08:00:00 [WARN] cache miss on product page (req-2609)
2026-09-08 00:00:00 [INFO] request completed (req-2610)
2026-09-08 01:00:00 [INFO] database query slow (req-2611)
2026-09-08 02:00:00 [INFO] request completed (req-2612)
2026-09-08 03:00:00 [INFO] database query slow (req-2613)
2026-09-08 04:00:00 [INFO] disk usage high (req-2614)
2026-09-08 05:00:00 [ERROR] payment gateway timeout (req-2615)
2026-09-08 06:00:00 [INFO] payment gateway timeout (req-2616)
2026-09-08 07:00:00 [INFO] user login successful (req-2617)
2026-09-08 08:00:00 [INFO] session expired (req-2618)
2026-09-08 00:00:00 [INFO] user login successful (req-2619)
2026-09-08 01:00:00 [INFO] connection reset by peer (req-2620)
2026-09-08 02:00:00 [INFO] user login successful (req-2621)
2026-09-08 03:00:00 [INFO] session expired (req-2622)
2026-09-08 04:00:00 [WARN] disk usage high (req-2623)
2026-09-08 05:00:00 [WARN] database query slow (req-2624)
2026-09-08 06:00:00 [INFO] session expired (req-2625)
2026-09-08 07:00:00 [INFO] request completed (req-2626)
2026-09-08 08:00:00 [INFO] cache miss on product page (req-2627)
2026-09-08 00:00:00 [INFO] request completed (req-2628)
2026-09-08 01:00:00 [INFO] disk usage high (req-2629)
2026-09-08 02:00:00 [INFO] database query slow (req-2630)
2026-09-08 03:00:00 [INFO] connection reset by peer (req-2631)
2026-09-08 04:00:00 [WARN] request completed (req-2632)
2026-09-08 05:00:00 [INFO] database query slow (req-2633)
2026-09-08 06:00:00 [INFO] cache miss on product page (req-2634)
2026-09-08 07:00:00 [INFO] user login successful (req-2635)
2026-09-08 08:00:00 [WARN] payment gateway timeout (req-2636)
2026-09-08 00:00:00 [INFO] disk usage high (req-2637)
2026-09-08 01:00:00 [INFO] disk usage high (req-2638)
2026-09-08 02:00:00 [INFO] database query slow (req-2639)
2026-09-08 03:00:00 [INFO] disk usage high (req-2640)
2026-09-08 04:00:00 [INFO] cache miss on product page (req-2641)
2026-09-08 05:00:00 [INFO] disk usage high (req-2642)
2026-09-08 06:00:00 [INFO] user login successful (req-2643)
2026-09-08 07:00:00 [INFO] session expired (req-2644)
2026-09-08 08:00:00 [INFO] cache miss on product page (req-2645)
2026-09-08 00:00:00 [INFO] user login successful (req-2646)
2026-09-08 01:00:00 [INFO] disk usage high (req-2647)
2026-09-08 02:00:00 [WARN] session expired (req-2648)
2026-09-08 03:00:00 [INFO] session expired (req-2649)
2026-09-08 04:00:00 [INFO] database query slow (req-2650)
2026-09-08 05:00:00 [WARN] database query slow (req-2651)
2026-09-08 06:00:00 [INFO] request completed (req-2652)
2026-09-08 07:00:00 [ERROR] connection reset by peer (req-2653)
2026-09-08 08:00:00 [ERROR] database query slow (req-2654)
2026-09-08 00:00:00 [INFO] connection reset by peer (req-2655)
2026-09-08 01:00:00 [ERROR] connection reset by peer (req-2656)
2026-09-08 02:00:00 [INFO] connection reset by peer (req-2657)
2026-09-08 03:00:00 [INFO] disk usage high (req-2658)
2026-09-08 04:00:00 [INFO] request completed (req-2659)
2026-09-08 05:00:00 [INFO] cache miss on product page (req-2660)
2026-09-08 06:00:00 [INFO] user login successful (req-2661)
2026-09-08 07:00:00 [INFO] request completed (req-2662)
2026-09-08 08:00:00 [WARN] user login successful (req-2663)
2026-09-08 00:00:00 [WARN] request completed (req-2664)
2026-09-08 01:00:00 [INFO] connection reset by peer (req-2665)
2026-09-08 02:00:00 [INFO] disk usage high (req-2666)
2026-09-08 03:00:00 [ERROR] database query slow (req-2667)
2026-09-08 04:00:00 [INFO] disk usage high (req-2668)
2026-09-08 05:00:00 [ERROR] connection reset by peer (req-2669)
2026-09-08 06:00:00 [WARN] cache miss on product page (req-2670)
2026-09-08 07:00:00 [INFO] cache miss on product page (req-2671)
2026-09-08 08:00:00 [INFO] disk usage high (req-2672)
2026-09-08 00:00:00 [INFO] user login successful (req-2673)
2026-09-08 01:00:00 [INFO] session expired (req-2674)
2026-09-08 02:00:00 [INFO] cache miss on product page (req-2675)
2026-09-08 03:00:00 [INFO] connection reset by peer (req-2676)
2026-09-08 04:00:00 [INFO] user login successful (req-2677)
2026-09-08 05:00:00 [INFO] user login successful (req-2678)
2026-09-08 06:00:00 [INFO] request completed (req-2679)
2026-09-08 07:00:00 [INFO] session expired (req-2680)
2026-09-08 08:00:00 [INFO] request completed (req-2681)
2026-09-08 00:00:00 [INFO] connection reset by peer (req-2682)
2026-09-08 01:00:00 [WARN] cache miss on product page (req-2683)
2026-09-08 02:00:00 [WARN] session expired (req-2684)
2026-09-08 03:00:00 [INFO] database query slow (req-2685)
2026-09-08 04:00:00 [INFO] user login successful (req-2686)
2026-09-08 05:00:00 [WARN] session expired (req-2687)
2026-09-08 06:00:00 [INFO] connection reset by peer (req-2688)
2026-09-08 07:00:00 [INFO] session expired (req-2689)
2026-09-08 08:00:00 [INFO] request completed (req-2690)
2026-09-08 00:00:00 [INFO] session expired (req-2691)
2026-09-08 01:00:00 [INFO] user login successful (req-2692)
2026-09-08 02:00:00 [WARN] connection reset by peer (req-2693)
2026-09-08 03:00:00 [INFO] user login successful (req-2694)
2026-09-08 04:00:00 [INFO] cache miss on product page (req-2695)
2026-09-08 05:00:00 [ERROR] session expired (req-2696)
2026-09-08 06:00:00 [INFO] session expired (req-2697)
2026-09-08 07:00:00 [INFO] database query slow (req-2698)
2026-09-08 08:00:00 [INFO] connection reset by peer (req-2699)
2026-09-08 00:00:00 [INFO] session expired (req-2700)
2026-09-08 01:00:00 [INFO] payment gateway timeout (req-2701)
2026-09-08 02:00:00 [INFO] database query slow (req-2702)
2026-09-08 03:00:00 [WARN] cache miss on product page (req-2703)
2026-09-08 04:00:00 [ERROR] payment gateway timeout (req-2704)
2026-09-08 05:00:00 [INFO] request completed (req-2705)
2026-09-08 06:00:00 [INFO] database query slow (req-2706)
2026-09-08 07:00:00 [INFO] user login successful (req-2707)
2026-09-08 08:00:00 [INFO] cache miss on product page (req-2708)
2026-09-08 00:00:00 [INFO] cache miss on product page (req-2709)
2026-09-08 01:00:00 [INFO] disk usage high (req-2710)
2026-09-08 02:00:00 [ERROR] request completed (req-2711)
2026-09-08 03:00:00 [INFO] disk usage high (req-2712)
2026-09-08 04:00:00 [WARN] disk usage high (req-2713)
2026-09-08 05:00:00 [ERROR] database query slow (req-2714)
2026-09-08 06:00:00 [ERROR] payment gateway timeout (req-2715)
2026-09-08 07:00:00 [WARN] request completed (req-2716)
2026-09-08 08:00:00 [INFO] session expired (req-2717)
2026-09-08 00:00:00 [ERROR] payment gateway timeout (req-2718)
2026-09-08 01:00:00 [INFO] disk usage high (req-2719)
2026-09-08 02:00:00 [INFO] cache miss on product page (req-2720)
2026-09-08 03:00:00 [INFO] payment gateway timeout (req-2721)
2026-09-08 04:00:00 [INFO] cache miss on product page (req-2722)
2026-09-08 05:00:00 [INFO] payment gateway timeout (req-2723)
2026-09-08 06:00:00 [WARN] user login successful (req-2724)
2026-09-08 07:00:00 [INFO] disk usage high (req-2725)
2026-09-08 08:00:00 [WARN] database query slow (req-2726)
2026-09-08 00:00:00 [WARN] database query slow (req-2727)
2026-09-08 01:00:00 [INFO] cache miss on product page (req-2728)
2026-09-08 02:00:00 [INFO] request completed (req-2729)
2026-09-08 03:00:00 [INFO] request completed (req-2730)
2026-09-08 04:00:00 [INFO] session expired (req-2731)
2026-09-08 05:00:00 [WARN] cache miss on product page (req-2732)
2026-09-08 06:00:00 [INFO] cache miss on product page (req-2733)
2026-09-08 07:00:00 [WARN] disk usage high (req-2734)
2026-09-08 08:00:00 [INFO] disk usage high (req-2735)
2026-09-08 00:00:00 [INFO] request completed (req-2736)
2026-09-08 01:00:00 [ERROR] user login successful (req-2737)
2026-09-08 02:00:00 [INFO] request completed (req-2738)
2026-09-08 03:00:00 [INFO] session expired (req-2739)
2026-09-08 04:00:00 [ERROR] disk usage high (req-2740)
2026-09-08 05:00:00 [INFO] user login successful (req-2741)
2026-09-08 06:00:00 [INFO] payment gateway timeout (req-2742)
2026-09-08 07:00:00 [WARN] connection reset by peer (req-2743)
2026-09-08 08:00:00 [INFO] session expired (req-2744)
2026-09-08 00:00:00 [WARN] database query slow (req-2745)
2026-09-08 01:00:00 [ERROR] request completed (req-2746)
2026-09-08 02:00:00 [INFO] connection reset by peer (req-2747)
2026-09-08 03:00:00 [INFO] cache miss on product page (req-2748)
2026-09-08 04:00:00 [INFO] session expired (req-2749)
2026-09-08 05:00:00 [INFO] user login successful (req-2750)
2026-09-08 06:00:00 [INFO] user login successful (req-2751)
2026-09-08 07:00:00 [ERROR] disk usage high (req-2752)
2026-09-08 08:00:00 [INFO] disk usage high (req-2753)
2026-09-08 00:00:00 [WARN] database query slow (req-2754)
2026-09-08 01:00:00 [INFO] database query slow (req-2755)
2026-09-08 02:00:00 [INFO] disk usage high (req-2756)
2026-09-08 03:00:00 [INFO] cache miss on product page (req-2757)
2026-09-08 04:00:00 [INFO] payment gateway timeout (req-2758)
2026-09-08 05:00:00 [INFO] connection reset by peer (req-2759)
2026-09-08 06:00:00 [INFO] user login successful (req-2760)
2026-09-08 07:00:00 [INFO] cache miss on product page (req-2761)
2026-09-08 08:00:00 [INFO] request completed (req-2762)
2026-09-08 00:00:00 [ERROR] user login successful (req-2763)
2026-09-08 01:00:00 [INFO] request completed (req-2764)
2026-09-08 02:00:00 [WARN] request completed (req-2765)
2026-09-08 03:00:00 [INFO] cache miss on product page (req-2766)
2026-09-08 04:00:00 [WARN] session expired (req-2767)
2026-09-08 05:00:00 [INFO] session expired (req-2768)
2026-09-08 06:00:00 [INFO] user login successful (req-2769)
2026-09-08 07:00:00 [INFO] cache miss on product page (req-2770)
2026-09-08 08:00:00 [ERROR] cache miss on product page (req-2771)
2026-09-08 00:00:00 [INFO] cache miss on product page (req-2772)
2026-09-08 01:00:00 [INFO] database query slow (req-2773)
2026-09-08 02:00:00 [INFO] connection reset by peer (req-2774)
2026-09-08 03:00:00 [INFO] payment gateway timeout (req-2775)
2026-09-08 04:00:00 [ERROR] connection reset by peer (req-2776)
2026-09-08 05:00:00 [INFO] disk usage high (req-2777)
2026-09-08 06:00:00 [ERROR] database query slow (req-2778)
2026-09-08 07:00:00 [WARN] session expired (req-2779)
2026-09-08 08:00:00 [INFO] request completed (req-2780)
2026-09-08 00:00:00 [INFO] session expired (req-2781)
2026-09-08 01:00:00 [INFO] cache miss on product page (req-2782)
2026-09-08 02:00:00 [INFO] request completed (req-2783)
2026-09-08 03:00:00 [INFO] session expired (req-2784)
2026-09-08 04:00:00 [ERROR] user login successful (req-2785)
2026-09-08 05:00:00 [ERROR] disk usage high (req-2786)
2026-09-08 06:00:00 [INFO] cache miss on product page (req-2787)
2026-09-08 07:00:00 [INFO] session expired (req-2788)
2026-09-08 08:00:00 [INFO] database query slow (req-2789)
2026-09-08 00:00:00 [INFO] disk usage high (req-2790)
2026-09-08 01:00:00 [INFO] disk usage high (req-2791)
2026-09-08 02:00:00 [ERROR] user login successful (req-2792)
2026-09-08 03:00:00 [ERROR] request completed (req-2793)
2026-09-08 04:00:00 [INFO] database query slow (req-2794)
2026-09-08 05:00:00 [INFO] session expired (req-2795)
2026-09-08 06:00:00 [INFO] user login successful (req-2796)
2026-09-08 07:00:00 [INFO] database query slow (req-2797)
2026-09-08 08:00:00 [INFO] request completed (req-2798)
2026-09-08 00:00:00 [INFO] database query slow (req-2799)
2026-09-08 01:00:00 [WARN] cache miss on product page (req-2800)
2026-09-08 02:00:00 [INFO] database query slow (req-2801)
2026-09-08 03:00:00 [INFO] connection reset by peer (req-2802)
2026-09-08 04:00:00 [WARN] user login successful (req-2803)
2026-09-08 05:00:00 [ERROR] database query slow (req-2804)
2026-09-08 06:00:00 [INFO] payment gateway timeout (req-2805)
2026-09-08 07:00:00 [ERROR] session expired (req-2806)
2026-09-08 08:00:00 [INFO] disk usage high (req-2807)
2026-09-08 00:00:00 [INFO] disk usage high (req-2808)
2026-09-08 01:00:00 [INFO] session expired (req-2809)
2026-09-08 02:00:00 [WARN] request completed (req-2810)
2026-09-08 03:00:00 [INFO] disk usage high (req-2811)
2026-09-08 04:00:00 [INFO] request completed (req-2812)
2026-09-08 05:00:00 [INFO] cache miss on product page (req-2813)
2026-09-08 06:00:00 [ERROR] disk usage high (req-2814)
2026-09-08 07:00:00 [INFO] payment gateway timeout (req-2815)
2026-09-08 08:00:00 [WARN] cache miss on product page (req-2816)
2026-09-08 00:00:00 [INFO] request completed (req-2817)
2026-09-08 01:00:00 [WARN] database query slow (req-2818)
2026-09-08 02:00:00 [INFO] database query slow (req-2819)
2026-09-08 03:00:00 [WARN] connection reset by peer (req-2820)
2026-09-08 04:00:00 [INFO] session expired (req-2821)
2026-09-08 05:00:00 [INFO] connection reset by peer (req-2822)
2026-09-08 06:00:00 [ERROR] database query slow (req-2823)
2026-09-08 07:00:00 [WARN] session expired (req-2824)
2026-09-08 08:00:00 [INFO] request completed (req-2825)
2026-09-08 00:00:00 [INFO] database query slow (req-2826)
2026-09-08 01:00:00 [INFO] session expired (req-2827)
2026-09-08 02:00:00 [INFO] database query slow (req-2828)
2026-09-08 03:00:00 [INFO] database query slow (req-2829)
2026-09-08 04:00:00 [INFO] connection reset by peer (req-2830)
2026-09-08 05:00:00 [INFO] request completed (req-2831)
2026-09-08 06:00:00 [INFO] database query slow (req-2832)
2026-09-08 07:00:00 [ERROR] connection reset by peer (req-2833)
2026-09-08 08:00:00 [INFO] connection reset by peer (req-2834)
2026-09-08 00:00:00 [INFO] user login successful (req-2835)
2026-09-08 01:00:00 [INFO] user login successful (req-2836)
2026-09-08 02:00:00 [INFO] request completed (req-2837)
2026-09-08 03:00:00 [INFO] disk usage high (req-2838)
2026-09-08 04:00:00 [INFO] session expired (req-2839)
2026-09-08 05:00:00 [INFO] database query slow (req-2840)
2026-09-08 06:00:00 [INFO] request completed (req-2841)
2026-09-08 07:00:00 [ERROR] session expired (req-2842)
2026-09-08 08:00:00 [INFO] database query slow (req-2843)
2026-09-08 00:00:00 [INFO] disk usage high (req-2844)
2026-09-08 01:00:00 [INFO] user login successful (req-2845)
2026-09-08 02:00:00 [INFO] disk usage high (req-2846)
2026-09-08 03:00:00 [INFO] cache miss on product page (req-2847)
2026-09-08 04:00:00 [INFO] session expired (req-2848)
2026-09-08 05:00:00 [INFO] connection reset by peer (req-2849)
2026-09-08 06:00:00 [INFO] request completed (req-2850)
2026-09-08 07:00:00 [INFO] user login successful (req-2851)
2026-09-08 08:00:00 [INFO] session expired (req-2852)
2026-09-08 00:00:00 [ERROR] session expired (req-2853)
2026-09-08 01:00:00 [INFO] disk usage high (req-2854)
2026-09-08 02:00:00 [INFO] connection reset by peer (req-2855)
2026-09-08 03:00:00 [INFO] request completed (req-2856)
2026-09-08 04:00:00 [INFO] database query slow (req-2857)
2026-09-08 05:00:00 [INFO] database query slow (req-2858)
2026-09-08 06:00:00 [INFO] user login successful (req-2859)
2026-09-08 07:00:00 [INFO] payment gateway timeout (req-2860)
2026-09-08 08:00:00 [WARN] request completed (req-2861)
2026-09-08 00:00:00 [WARN] disk usage high (req-2862)
2026-09-08 01:00:00 [INFO] database query slow (req-2863)
2026-09-08 02:00:00 [WARN] session expired (req-2864)
2026-09-08 03:00:00 [INFO] connection reset by peer (req-2865)
2026-09-08 04:00:00 [INFO] cache miss on product page (req-2866)
2026-09-08 05:00:00 [INFO] request completed (req-2867)
2026-09-08 06:00:00 [INFO] user login successful (req-2868)
2026-09-08 07:00:00 [INFO] user login successful (req-2869)
2026-09-08 08:00:00 [INFO] connection reset by peer (req-2870)
2026-09-08 00:00:00 [INFO] user login successful (req-2871)
2026-09-08 01:00:00 [WARN] connection reset by peer (req-2872)
2026-09-08 02:00:00 [WARN] cache miss on product page (req-2873)
2026-09-08 03:00:00 [WARN] disk usage high (req-2874)
2026-09-08 04:00:00 [INFO] request completed (req-2875)
2026-09-08 05:00:00 [INFO] disk usage high (req-2876)
2026-09-08 06:00:00 [INFO] request completed (req-2877)
2026-09-08 07:00:00 [WARN] connection reset by peer (req-2878)
2026-09-08 08:00:00 [INFO] payment gateway timeout (req-2879)
2026-09-08 00:00:00 [INFO] cache miss on product page (req-2880)
2026-09-08 01:00:00 [INFO] connection reset by peer (req-2881)
2026-09-08 02:00:00 [WARN] session expired (req-2882)
2026-09-08 03:00:00 [INFO] connection reset by peer (req-2883)
2026-09-08 04:00:00 [INFO] payment gateway timeout (req-2884)
2026-09-08 05:00:00 [INFO] database query slow (req-2885)
2026-09-08 06:00:00 [INFO] user login successful (req-2886)
2026-09-08 07:00:00 [WARN] user login successful (req-2887)
2026-09-08 08:00:00 [INFO] database query slow (req-2888)
2026-09-08 00:00:00 [INFO] payment gateway timeout (req-2889)
2026-09-08 01:00:00 [INFO] payment gateway timeout (req-2890)
2026-09-08 02:00:00 [INFO] user login successful (req-2891)
2026-09-08 03:00:00 [INFO] session expired (req-2892)
2026-09-08 04:00:00 [INFO] user login successful (req-2893)
2026-09-08 05:00:00 [INFO] user login successful (req-2894)
2026-09-08 06:00:00 [INFO] user login successful (req-2895)
2026-09-08 07:00:00 [ERROR] connection reset by peer (req-2896)
2026-09-08 08:00:00 [INFO] session expired (req-2897)
2026-09-08 00:00:00 [INFO] user login successful (req-2898)
2026-09-08 01:00:00 [INFO] cache miss on product page (req-2899)
2026-09-08 02:00:00 [INFO] cache miss on product page (req-2900)
2026-09-08 03:00:00 [INFO] session expired (req-2901)
2026-09-08 04:00:00 [INFO] payment gateway timeout (req-2902)
2026-09-08 05:00:00 [INFO] database query slow (req-2903)
2026-09-08 06:00:00 [INFO] request completed (req-2904)
2026-09-08 07:00:00 [ERROR] disk usage high (req-2905)
2026-09-08 08:00:00 [INFO] connection reset by peer (req-2906)
2026-09-08 00:00:00 [INFO] disk usage high (req-2907)
2026-09-08 01:00:00 [INFO] connection reset by peer (req-2908)
2026-09-08 02:00:00 [WARN] session expired (req-2909)
2026-09-08 03:00:00 [INFO] user login successful (req-2910)
2026-09-08 04:00:00 [INFO] request completed (req-2911)
2026-09-08 05:00:00 [WARN] connection reset by peer (req-2912)
2026-09-08 06:00:00 [INFO] payment gateway timeout (req-2913)
2026-09-08 07:00:00 [INFO] payment gateway timeout (req-2914)
2026-09-08 08:00:00 [INFO] database query slow (req-2915)
2026-09-08 00:00:00 [INFO] request completed (req-2916)
2026-09-08 01:00:00 [INFO] user login successful (req-2917)
2026-09-08 02:00:00 [INFO] request completed (req-2918)
2026-09-08 03:00:00 [INFO] cache miss on product page (req-2919)
2026-09-08 04:00:00 [WARN] payment gateway timeout (req-2920)
2026-09-08 05:00:00 [INFO] payment gateway timeout (req-2921)
2026-09-08 06:00:00 [INFO] payment gateway timeout (req-2922)
2026-09-08 07:00:00 [INFO] disk usage high (req-2923)
2026-09-08 08:00:00 [INFO] disk usage high (req-2924)
2026-09-08 00:00:00 [INFO] database query slow (req-2925)
2026-09-08 01:00:00 [INFO] session expired (req-2926)
2026-09-08 02:00:00 [INFO] disk usage high (req-2927)
2026-09-08 03:00:00 [INFO] database query slow (req-2928)
2026-09-08 04:00:00 [WARN] database query slow (req-2929)
2026-09-08 05:00:00 [INFO] cache miss on product page (req-2930)
2026-09-08 06:00:00 [INFO] user login successful (req-2931)
2026-09-08 07:00:00 [INFO] session expired (req-2932)
2026-09-08 08:00:00 [INFO] database query slow (req-2933)
2026-09-08 00:00:00 [INFO] connection reset by peer (req-2934)
2026-09-08 01:00:00 [ERROR] request completed (req-2935)
2026-09-08 02:00:00 [WARN] user login successful (req-2936)
2026-09-08 03:00:00 [INFO] disk usage high (req-2937)
2026-09-08 04:00:00 [ERROR] payment gateway timeout (req-2938)
2026-09-08 05:00:00 [INFO] connection reset by peer (req-2939)
2026-09-08 06:00:00 [WARN] user login successful (req-2940)
2026-09-08 07:00:00 [INFO] session expired (req-2941)
2026-09-08 08:00:00 [INFO] request completed (req-2942)
2026-09-08 00:00:00 [INFO] connection reset by peer (req-2943)
2026-09-08 01:00:00 [INFO] database query slow (req-2944)
2026-09-08 02:00:00 [INFO] session expired (req-2945)
2026-09-08 03:00:00 [INFO] payment gateway timeout (req-2946)
2026-09-08 04:00:00 [INFO] payment gateway timeout (req-2947)
2026-09-08 05:00:00 [ERROR] user login successful (req-2948)
2026-09-08 06:00:00 [WARN] request completed (req-2949)
2026-09-08 07:00:00 [INFO] user login successful (req-2950)
2026-09-08 08:00:00 [INFO] cache miss on product page (req-2951)
2026-09-08 00:00:00 [INFO] database query slow (req-2952)
2026-09-08 01:00:00 [INFO] database query slow (req-2953)
2026-09-08 02:00:00 [INFO] connection reset by peer (req-2954)
2026-09-08 03:00:00 [INFO] payment gateway timeout (req-2955)
2026-09-08 04:00:00 [INFO] disk usage high (req-2956)
2026-09-08 05:00:00 [INFO] session expired (req-2957)
2026-09-08 06:00:00 [INFO] cache miss on product page (req-2958)
2026-09-08 07:00:00 [INFO] request completed (req-2959)
2026-09-08 08:00:00 [WARN] cache miss on product page (req-2960)
2026-09-08 00:00:00 [WARN] payment gateway timeout (req-2961)
2026-09-08 01:00:00 [ERROR] request completed (req-2962)
2026-09-08 02:00:00 [INFO] connection reset by peer (req-2963)
2026-09-08 03:00:00 [WARN] user login successful (req-2964)
2026-09-08 04:00:00 [INFO] payment gateway timeout (req-2965)
2026-09-08 05:00:00 [INFO] payment gateway timeout (req-2966)
2026-09-08 06:00:00 [WARN] payment gateway timeout (req-2967)
2026-09-08 07:00:00 [INFO] user login successful (req-2968)
2026-09-08 08:00:00 [ERROR] session expired (req-2969)
2026-09-08 00:00:00 [INFO] database query slow (req-2970)
2026-09-08 01:00:00 [INFO] disk usage high (req-2971)
2026-09-08 02:00:00 [INFO] request completed (req-2972)
2026-09-08 03:00:00 [ERROR] user login successful (req-2973)
2026-09-08 04:00:00 [INFO] disk usage high (req-2974)
2026-09-08 05:00:00 [INFO] session expired (req-2975)
2026-09-08 06:00:00 [INFO] payment gateway timeout (req-2976)
2026-09-08 07:00:00 [INFO] cache miss on product page (req-2977)
2026-09-08 08:00:00 [INFO] request completed (req-2978)
2026-09-08 00:00:00 [ERROR] session expired (req-2979)
2026-09-08 01:00:00 [WARN] user login successful (req-2980)
2026-09-08 02:00:00 [WARN] payment gateway timeout (req-2981)
2026-09-08 03:00:00 [INFO] request completed (req-2982)
2026-09-08 04:00:00 [INFO] disk usage high (req-2983)
2026-09-08 05:00:00 [INFO] user login successful (req-2984)
2026-09-08 06:00:00 [WARN] session expired (req-2985)
2026-09-08 07:00:00 [WARN] session expired (req-2986)
2026-09-08 08:00:00 [INFO] payment gateway timeout (req-2987)
2026-09-08 00:00:00 [INFO] database query slow (req-2988)
2026-09-08 01:00:00 [WARN] database query slow (req-2989)
2026-09-08 02:00:00 [INFO] session expired (req-2990)
2026-09-08 03:00:00 [WARN] session expired (req-2991)
2026-09-08 04:00:00 [INFO] session expired (req-2992)
2026-09-08 05:00:00 [INFO] connection reset by peer (req-2993)
2026-09-08 06:00:00 [INFO] connection reset by peer (req-2994)
2026-09-08 07:00:00 [INFO] user login successful (req-2995)
2026-09-08 08:00:00 [INFO] disk usage high (req-2996)
2026-09-08 00:00:00 [WARN] user login successful (req-2997)
2026-09-08 01:00:00 [INFO] database query slow (req-2998)
2026-09-08 02:00:00 [INFO] database query slow (req-2999)
2026-09-08 03:00:00 [INFO] cache miss on product page (req-3000)
2026-09-08 04:00:00 [ERROR] database query slow (req-3001)
2026-09-08 05:00:00 [INFO] database query slow (req-3002)
2026-09-08 06:00:00 [INFO] user login successful (req-3003)
2026-09-08 07:00:00 [INFO] payment gateway timeout (req-3004)
2026-09-08 08:00:00 [INFO] session expired (req-3005)
2026-09-08 00:00:00 [ERROR] payment gateway timeout (req-3006)
2026-09-08 01:00:00 [INFO] database query slow (req-3007)
2026-09-08 02:00:00 [INFO] disk usage high (req-3008)
2026-09-08 03:00:00 [WARN] user login successful (req-3009)
2026-09-08 04:00:00 [INFO] payment gateway timeout (req-3010)
2026-09-08 05:00:00 [WARN] cache miss on product page (req-3011)
2026-09-08 06:00:00 [INFO] payment gateway timeout (req-3012)
2026-09-08 07:00:00 [ERROR] request completed (req-3013)
2026-09-08 08:00:00 [WARN] request completed (req-3014)
2026-09-08 00:00:00 [INFO] disk usage high (req-3015)
2026-09-08 01:00:00 [INFO] disk usage high (req-3016)
2026-09-08 02:00:00 [WARN] database query slow (req-3017)
2026-09-08 03:00:00 [INFO] user login successful (req-3018)
2026-09-08 04:00:00 [INFO] payment gateway timeout (req-3019)
2026-09-08 05:00:00 [INFO] database query slow (req-3020)
2026-09-08 06:00:00 [INFO] request completed (req-3021)
2026-09-08 07:00:00 [INFO] request completed (req-3022)
2026-09-08 08:00:00 [INFO] connection reset by peer (req-3023)
2026-09-08 00:00:00 [INFO] user login successful (req-3024)
2026-09-08 01:00:00 [INFO] cache miss on product page (req-3025)
2026-09-08 02:00:00 [INFO] request completed (req-3026)
2026-09-08 03:00:00 [INFO] session expired (req-3027)
2026-09-08 04:00:00 [INFO] cache miss on product page (req-3028)
2026-09-08 05:00:00 [ERROR] request completed (req-3029)
2026-09-08 06:00:00 [INFO] connection reset by peer (req-3030)
2026-09-08 07:00:00 [ERROR] request completed (req-3031)
2026-09-08 08:00:00 [INFO] connection reset by peer (req-3032)
2026-09-08 00:00:00 [WARN] disk usage high (req-3033)
2026-09-08 01:00:00 [INFO] cache miss on product page (req-3034)
2026-09-08 02:00:00 [INFO] connection reset by peer (req-3035)
2026-09-08 03:00:00 [INFO] connection reset by peer (req-3036)
2026-09-08 04:00:00 [INFO] user login successful (req-3037)
2026-09-08 05:00:00 [WARN] request completed (req-3038)
2026-09-08 06:00:00 [INFO] database query slow (req-3039)
2026-09-08 07:00:00 [INFO] connection reset by peer (req-3040)
2026-09-08 08:00:00 [INFO] connection reset by peer (req-3041)
2026-09-08 00:00:00 [INFO] user login successful (req-3042)
2026-09-08 01:00:00 [ERROR] session expired (req-3043)
2026-09-08 02:00:00 [INFO] user login successful (req-3044)
2026-09-08 03:00:00 [INFO] user login successful (req-3045)
2026-09-08 04:00:00 [INFO] payment gateway timeout (req-3046)
2026-09-08 05:00:00 [INFO] session expired (req-3047)
2026-09-08 06:00:00 [WARN] cache miss on product page (req-3048)
2026-09-08 07:00:00 [INFO] database query slow (req-3049)
2026-09-08 08:00:00 [INFO] cache miss on product page (req-3050)
2026-09-08 00:00:00 [INFO] database query slow (req-3051)
2026-09-08 01:00:00 [WARN] database query slow (req-3052)
2026-09-08 02:00:00 [WARN] disk usage high (req-3053)
2026-09-08 03:00:00 [INFO] database query slow (req-3054)
2026-09-08 04:00:00 [INFO] payment gateway timeout (req-3055)
2026-09-08 05:00:00 [WARN] connection reset by peer (req-3056)
2026-09-08 06:00:00 [INFO] cache miss on product page (req-3057)
2026-09-08 07:00:00 [INFO] database query slow (req-3058)
2026-09-08 08:00:00 [INFO] request completed (req-3059)
2026-09-08 00:00:00 [WARN] session expired (req-3060)
2026-09-08 01:00:00 [INFO] cache miss on product page (req-3061)
2026-09-08 02:00:00 [INFO] connection reset by peer (req-3062)
2026-09-08 03:00:00 [INFO] connection reset by peer (req-3063)
2026-09-08 04:00:00 [WARN] database query slow (req-3064)
2026-09-08 05:00:00 [INFO] connection reset by peer (req-3065)
2026-09-08 06:00:00 [INFO] disk usage high (req-3066)
2026-09-08 07:00:00 [INFO] user login successful (req-3067)
2026-09-08 08:00:00 [ERROR] payment gateway timeout (req-3068)
2026-09-08 00:00:00 [INFO] disk usage high (req-3069)
2026-09-08 01:00:00 [WARN] payment gateway timeout (req-3070)
2026-09-08 02:00:00 [WARN] cache miss on product page (req-3071)
2026-09-08 03:00:00 [INFO] payment gateway timeout (req-3072)
2026-09-08 04:00:00 [INFO] session expired (req-3073)
2026-09-08 05:00:00 [INFO] request completed (req-3074)
2026-09-08 06:00:00 [INFO] request completed (req-3075)
2026-09-08 07:00:00 [INFO] request completed (req-3076)
2026-09-08 08:00:00 [WARN] payment gateway timeout (req-3077)
2026-09-08 00:00:00 [ERROR] disk usage high (req-3078)
2026-09-08 01:00:00 [INFO] database query slow (req-3079)
2026-09-08 02:00:00 [WARN] user login successful (req-3080)
2026-09-08 03:00:00 [INFO] payment gateway timeout (req-3081)
2026-09-08 04:00:00 [INFO] connection reset by peer (req-3082)
2026-09-08 05:00:00 [INFO] request completed (req-3083)
2026-09-08 06:00:00 [INFO] disk usage high (req-3084)
2026-09-08 07:00:00 [ERROR] session expired (req-3085)
2026-09-08 08:00:00 [INFO] user login successful (req-3086)
2026-09-08 00:00:00 [WARN] disk usage high (req-3087)
2026-09-08 01:00:00 [INFO] database query slow (req-3088)
2026-09-08 02:00:00 [INFO] disk usage high (req-3089)
2026-09-08 03:00:00 [INFO] session expired (req-3090)
2026-09-08 04:00:00 [INFO] payment gateway timeout (req-3091)
2026-09-08 05:00:00 [INFO] request completed (req-3092)
2026-09-08 06:00:00 [INFO] payment gateway timeout (req-3093)
2026-09-08 07:00:00 [INFO] user login successful (req-3094)
2026-09-08 08:00:00 [INFO] session expired (req-3095)
2026-09-08 00:00:00 [INFO] connection reset by peer (req-3096)
2026-09-08 01:00:00 [INFO] payment gateway timeout (req-3097)
2026-09-08 02:00:00 [INFO] payment gateway timeout (req-3098)
2026-09-08 03:00:00 [INFO] disk usage high (req-3099)
2026-09-08 04:00:00 [INFO] payment gateway timeout (req-3100)
2026-09-08 05:00:00 [INFO] database query slow (req-3101)
2026-09-08 06:00:00 [WARN] session expired (req-3102)
2026-09-08 07:00:00 [INFO] payment gateway timeout (req-3103)
2026-09-08 08:00:00 [WARN] request completed (req-3104)
2026-09-08 00:00:00 [WARN] disk usage high (req-3105)
2026-09-08 01:00:00 [ERROR] session expired (req-3106)
2026-09-08 02:00:00 [INFO] cache miss on product page (req-3107)
2026-09-08 03:00:00 [ERROR] session expired (req-3108)
2026-09-08 04:00:00 [INFO] database query slow (req-3109)
2026-09-08 05:00:00 [WARN] connection reset by peer (req-3110)
2026-09-08 06:00:00 [INFO] session expired (req-3111)
2026-09-08 07:00:00 [INFO] request completed (req-3112)
2026-09-08 08:00:00 [INFO] cache miss on product page (req-3113)
2026-09-08 00:00:00 [INFO] session expired (req-3114)
2026-09-08 01:00:00 [INFO] payment gateway timeout (req-3115)
2026-09-08 02:00:00 [INFO] session expired (req-3116)
2026-09-08 03:00:00 [ERROR] connection reset by peer (req-3117)
2026-09-08 04:00:00 [INFO] database query slow (req-3118)
2026-09-08 05:00:00 [INFO] user login successful (req-3119)
2026-09-08 06:00:00 [WARN] payment gateway timeout (req-3120)
2026-09-08 07:00:00 [INFO] database query slow (req-3121)
2026-09-08 08:00:00 [INFO] user login successful (req-3122)
2026-09-08 00:00:00 [INFO] session expired (req-3123)
2026-09-08 01:00:00 [WARN] user login successful (req-3124)
2026-09-08 02:00:00 [INFO] cache miss on product page (req-3125)
2026-09-08 03:00:00 [INFO] user login successful (req-3126)
2026-09-08 04:00:00 [INFO] connection reset by peer (req-3127)
2026-09-08 05:00:00 [INFO] connection reset by peer (req-3128)
2026-09-08 06:00:00 [INFO] connection reset by peer (req-3129)
2026-09-08 07:00:00 [INFO] user login successful (req-3130)
2026-09-08 08:00:00 [INFO] user login successful (req-3131)
2026-09-08 00:00:00 [INFO] connection reset by peer (req-3132)
2026-09-08 01:00:00 [INFO] connection reset by peer (req-3133)
2026-09-08 02:00:00 [INFO] payment gateway timeout (req-3134)
2026-09-08 03:00:00 [INFO] payment gateway timeout (req-3135)
2026-09-08 04:00:00 [INFO] payment gateway timeout (req-3136)
2026-09-08 05:00:00 [INFO] session expired (req-3137)
2026-09-08 06:00:00 [INFO] cache miss on product page (req-3138)
2026-09-08 07:00:00 [INFO] connection reset by peer (req-3139)
2026-09-08 08:00:00 [INFO] connection reset by peer (req-3140)
2026-09-08 00:00:00 [WARN] connection reset by peer (req-3141)
2026-09-08 01:00:00 [INFO] request completed (req-3142)
2026-09-08 02:00:00 [INFO] request completed (req-3143)
2026-09-08 03:00:00 [WARN] request completed (req-3144)
2026-09-08 04:00:00 [INFO] database query slow (req-3145)
2026-09-08 05:00:00 [INFO] disk usage high (req-3146)
2026-09-08 06:00:00 [INFO] cache miss on product page (req-3147)
2026-09-08 07:00:00 [INFO] database query slow (req-3148)
2026-09-08 08:00:00 [ERROR] payment gateway timeout (req-3149)
2026-09-08 00:00:00 [ERROR] cache miss on product page (req-3150)
2026-09-08 01:00:00 [ERROR] payment gateway timeout (req-3151)
2026-09-08 02:00:00 [INFO] connection reset by peer (req-3152)
2026-09-08 03:00:00 [INFO] database query slow (req-3153)
2026-09-08 04:00:00 [INFO] request completed (req-3154)
2026-09-08 05:00:00 [INFO] database query slow (req-3155)
2026-09-08 06:00:00 [INFO] session expired (req-3156)
2026-09-08 07:00:00 [INFO] cache miss on product page (req-3157)
2026-09-08 08:00:00 [INFO] database query slow (req-3158)
2026-09-08 00:00:00 [INFO] payment gateway timeout (req-3159)
2026-09-08 01:00:00 [INFO] session expired (req-3160)
2026-09-08 02:00:00 [INFO] user login successful (req-3161)
2026-09-08 03:00:00 [ERROR] database query slow (req-3162)
2026-09-08 04:00:00 [INFO] user login successful (req-3163)
2026-09-08 05:00:00 [INFO] request completed (req-3164)
2026-09-08 06:00:00 [INFO] user login successful (req-3165)
2026-09-08 07:00:00 [INFO] cache miss on product page (req-3166)
2026-09-08 08:00:00 [INFO] session expired (req-3167)
2026-09-08 00:00:00 [WARN] session expired (req-3168)
2026-09-08 01:00:00 [WARN] request completed (req-3169)
2026-09-08 02:00:00 [WARN] cache miss on product page (req-3170)
2026-09-08 03:00:00 [WARN] cache miss on product page (req-3171)
2026-09-08 04:00:00 [WARN] request completed (req-3172)
2026-09-08 05:00:00 [INFO] user login successful (req-3173)
2026-09-08 06:00:00 [INFO] database query slow (req-3174)
2026-09-08 07:00:00 [INFO] cache miss on product page (req-3175)
2026-09-08 08:00:00 [WARN] session expired (req-3176)
2026-09-08 00:00:00 [INFO] request completed (req-3177)
2026-09-08 01:00:00 [ERROR] disk usage high (req-3178)
2026-09-08 02:00:00 [WARN] request completed (req-3179)
2026-09-08 03:00:00 [INFO] payment gateway timeout (req-3180)
2026-09-08 04:00:00 [INFO] disk usage high (req-3181)
2026-09-08 05:00:00 [INFO] cache miss on product page (req-3182)
2026-09-08 06:00:00 [INFO] user login successful (req-3183)
2026-09-08 07:00:00 [INFO] cache miss on product page (req-3184)
2026-09-08 08:00:00 [INFO] request completed (req-3185)
2026-09-08 00:00:00 [INFO] user login successful (req-3186)
2026-09-08 01:00:00 [INFO] connection reset by peer (req-3187)
2026-09-08 02:00:00 [ERROR] connection reset by peer (req-3188)
2026-09-08 03:00:00 [INFO] connection reset by peer (req-3189)
2026-09-08 04:00:00 [INFO] cache miss on product page (req-3190)
2026-09-08 05:00:00 [ERROR] connection reset by peer (req-3191)
2026-09-08 06:00:00 [INFO] disk usage high (req-3192)
2026-09-08 07:00:00 [INFO] request completed (req-3193)
2026-09-08 08:00:00 [WARN] connection reset by peer (req-3194)
2026-09-08 00:00:00 [INFO] disk usage high (req-3195)
2026-09-08 01:00:00 [INFO] disk usage high (req-3196)
2026-09-08 02:00:00 [WARN] session expired (req-3197)
2026-09-08 03:00:00 [INFO] cache miss on product page (req-3198)
2026-09-08 04:00:00 [INFO] user login successful (req-3199)
2026-09-08 05:00:00 [WARN] user login successful (req-3200)
2026-09-08 06:00:00 [ERROR] payment gateway timeout (req-3201)
2026-09-08 07:00:00 [INFO] cache miss on product page (req-3202)
2026-09-08 08:00:00 [INFO] user login successful (req-3203)
2026-09-08 00:00:00 [INFO] payment gateway timeout (req-3204)
2026-09-08 01:00:00 [INFO] disk usage high (req-3205)
2026-09-08 02:00:00 [INFO] connection reset by peer (req-3206)
2026-09-08 03:00:00 [INFO] disk usage high (req-3207)
2026-09-08 04:00:00 [INFO] session expired (req-3208)
2026-09-08 05:00:00 [ERROR] session expired (req-3209)
2026-09-08 06:00:00 [INFO] connection reset by peer (req-3210)
2026-09-08 07:00:00 [WARN] cache miss on product page (req-3211)
2026-09-08 08:00:00 [INFO] payment gateway timeout (req-3212)
2026-09-08 00:00:00 [INFO] request completed (req-3213)
2026-09-08 01:00:00 [ERROR] session expired (req-3214)
2026-09-08 02:00:00 [INFO] database query slow (req-3215)
2026-09-08 03:00:00 [INFO] user login successful (req-3216)
2026-09-08 04:00:00 [WARN] disk usage high (req-3217)
2026-09-08 05:00:00 [WARN] cache miss on product page (req-3218)
2026-09-08 06:00:00 [INFO] user login successful (req-3219)
2026-09-08 07:00:00 [INFO] request completed (req-3220)
2026-09-08 08:00:00 [ERROR] database query slow (req-3221)
2026-09-08 00:00:00 [INFO] request completed (req-3222)
2026-09-08 01:00:00 [ERROR] cache miss on product page (req-3223)
2026-09-08 02:00:00 [INFO] disk usage high (req-3224)
2026-09-08 03:00:00 [INFO] cache miss on product page (req-3225)
2026-09-08 04:00:00 [WARN] payment gateway timeout (req-3226)
2026-09-08 05:00:00 [INFO] user login successful (req-3227)
2026-09-08 06:00:00 [INFO] request completed (req-3228)
2026-09-08 07:00:00 [INFO] session expired (req-3229)
2026-09-08 08:00:00 [INFO] request completed (req-3230)
2026-09-08 00:00:00 [INFO] connection reset by peer (req-3231)
2026-09-08 01:00:00 [ERROR] connection reset by peer (req-3232)
2026-09-08 02:00:00 [INFO] cache miss on product page (req-3233)
2026-09-08 03:00:00 [INFO] session expired (req-3234)
2026-09-08 04:00:00 [INFO] payment gateway timeout (req-3235)
2026-09-08 05:00:00 [INFO] user login successful (req-3236)
2026-09-08 06:00:00 [INFO] payment gateway timeout (req-3237)
2026-09-08 07:00:00 [INFO] connection reset by peer (req-3238)
2026-09-08 08:00:00 [INFO] cache miss on product page (req-3239)
2026-09-08 00:00:00 [INFO] connection reset by peer (req-3240)
2026-09-08 01:00:00 [INFO] payment gateway timeout (req-3241)
2026-09-08 02:00:00 [INFO] payment gateway timeout (req-3242)
2026-09-08 03:00:00 [INFO] connection reset by peer (req-3243)
2026-09-08 04:00:00 [ERROR] request completed (req-3244)
2026-09-08 05:00:00 [INFO] session expired (req-3245)
2026-09-08 06:00:00 [INFO] request completed (req-3246)
2026-09-08 07:00:00 [INFO] user login successful (req-3247)
2026-09-08 08:00:00 [INFO] session expired (req-3248)
2026-09-08 00:00:00 [INFO] disk usage high (req-3249)
2026-09-08 01:00:00 [INFO] disk usage high (req-3250)
2026-09-08 02:00:00 [INFO] connection reset by peer (req-3251)
2026-09-08 03:00:00 [INFO] connection reset by peer (req-3252)
2026-09-08 04:00:00 [INFO] session expired (req-3253)
2026-09-08 05:00:00 [INFO] payment gateway timeout (req-3254)
2026-09-08 06:00:00 [INFO] database query slow (req-3255)
2026-09-08 07:00:00 [INFO] disk usage high (req-3256)
2026-09-08 08:00:00 [INFO] user login successful (req-3257)
2026-09-08 00:00:00 [WARN] database query slow (req-3258)
2026-09-08 01:00:00 [INFO] database query slow (req-3259)
2026-09-08 02:00:00 [WARN] cache miss on product page (req-3260)
2026-09-08 03:00:00 [WARN] connection reset by peer (req-3261)
2026-09-08 04:00:00 [INFO] user login successful (req-3262)
2026-09-08 05:00:00 [WARN] connection reset by peer (req-3263)
2026-09-08 06:00:00 [INFO] connection reset by peer (req-3264)
2026-09-08 07:00:00 [WARN] disk usage high (req-3265)
2026-09-08 08:00:00 [ERROR] payment gateway timeout (req-3266)
2026-09-08 00:00:00 [INFO] connection reset by peer (req-3267)
2026-09-08 01:00:00 [WARN] payment gateway timeout (req-3268)
2026-09-08 02:00:00 [INFO] payment gateway timeout (req-3269)
2026-09-08 03:00:00 [INFO] disk usage high (req-3270)
2026-09-08 04:00:00 [INFO] payment gateway timeout (req-3271)
2026-09-08 05:00:00 [INFO] payment gateway timeout (req-3272)
2026-09-08 06:00:00 [INFO] request completed (req-3273)
2026-09-08 07:00:00 [INFO] disk usage high (req-3274)
2026-09-08 08:00:00 [INFO] session expired (req-3275)
2026-09-08 00:00:00 [INFO] user login successful (req-3276)
2026-09-08 01:00:00 [INFO] disk usage high (req-3277)
2026-09-08 02:00:00 [INFO] database query slow (req-3278)
2026-09-08 03:00:00 [INFO] disk usage high (req-3279)
2026-09-08 04:00:00 [INFO] session expired (req-3280)
2026-09-08 05:00:00 [INFO] request completed (req-3281)
2026-09-08 06:00:00 [INFO] cache miss on product page (req-3282)
2026-09-08 07:00:00 [WARN] cache miss on product page (req-3283)
2026-09-08 08:00:00 [INFO] payment gateway timeout (req-3284)
2026-09-08 00:00:00 [INFO] user login successful (req-3285)
2026-09-08 01:00:00 [INFO] cache miss on product page (req-3286)
2026-09-08 02:00:00 [ERROR] user login successful (req-3287)
2026-09-08 03:00:00 [ERROR] payment gateway timeout (req-3288)
2026-09-08 04:00:00 [WARN] payment gateway timeout (req-3289)
2026-09-08 05:00:00 [INFO] session expired (req-3290)
2026-09-08 06:00:00 [INFO] request completed (req-3291)
2026-09-08 07:00:00 [INFO] cache miss on product page (req-3292)
2026-09-08 08:00:00 [INFO] request completed (req-3293)
2026-09-08 00:00:00 [INFO] payment gateway timeout (req-3294)
2026-09-08 01:00:00 [INFO] user login successful (req-3295)
2026-09-08 02:00:00 [INFO] connection reset by peer (req-3296)
2026-09-08 03:00:00 [INFO] cache miss on product page (req-3297)
2026-09-08 04:00:00 [INFO] connection reset by peer (req-3298)
2026-09-08 05:00:00 [INFO] disk usage high (req-3299)
2026-09-08 06:00:00 [INFO] user login successful (req-3300)
2026-09-08 07:00:00 [ERROR] payment gateway timeout (req-3301)
2026-09-08 08:00:00 [ERROR] request completed (req-3302)
2026-09-08 00:00:00 [ERROR] user login successful (req-3303)
2026-09-08 01:00:00 [INFO] user login successful (req-3304)
2026-09-08 02:00:00 [INFO] payment gateway timeout (req-3305)
2026-09-08 03:00:00 [INFO] user login successful (req-3306)
2026-09-08 04:00:00 [INFO] connection reset by peer (req-3307)
2026-09-08 05:00:00 [WARN] session expired (req-3308)
2026-09-08 06:00:00 [WARN] user login successful (req-3309)
2026-09-08 07:00:00 [INFO] session expired (req-3310)
2026-09-08 08:00:00 [ERROR] payment gateway timeout (req-3311)
2026-09-08 00:00:00 [INFO] user login successful (req-3312)
2026-09-08 01:00:00 [INFO] database query slow (req-3313)
2026-09-08 02:00:00 [ERROR] session expired (req-3314)
2026-09-08 03:00:00 [INFO] payment gateway timeout (req-3315)
2026-09-08 04:00:00 [INFO] connection reset by peer (req-3316)
2026-09-08 05:00:00 [INFO] request completed (req-3317)
2026-09-08 06:00:00 [WARN] user login successful (req-3318)
2026-09-08 07:00:00 [INFO] database query slow (req-3319)
2026-09-08 08:00:00 [INFO] disk usage high (req-3320)
2026-09-08 00:00:00 [WARN] payment gateway timeout (req-3321)
2026-09-08 01:00:00 [INFO] user login successful (req-3322)
2026-09-08 02:00:00 [ERROR] connection reset by peer (req-3323)
2026-09-08 03:00:00 [INFO] session expired (req-3324)
2026-09-08 04:00:00 [INFO] disk usage high (req-3325)
2026-09-08 05:00:00 [ERROR] user login successful (req-3326)
2026-09-08 06:00:00 [WARN] request completed (req-3327)
2026-09-08 07:00:00 [WARN] disk usage high (req-3328)
2026-09-08 08:00:00 [INFO] payment gateway timeout (req-3329)
2026-09-08 00:00:00 [ERROR] request completed (req-3330)
2026-09-08 01:00:00 [INFO] request completed (req-3331)
2026-09-08 02:00:00 [INFO] database query slow (req-3332)
2026-09-08 03:00:00 [WARN] database query slow (req-3333)
2026-09-08 04:00:00 [WARN] payment gateway timeout (req-3334)
2026-09-08 05:00:00 [INFO] session expired (req-3335)
2026-09-08 06:00:00 [INFO] disk usage high (req-3336)
2026-09-08 07:00:00 [INFO] user login successful (req-3337)
2026-09-08 08:00:00 [INFO] disk usage high (req-3338)
2026-09-08 00:00:00 [ERROR] database query slow (req-3339)
2026-09-08 01:00:00 [INFO] database query slow (req-3340)
2026-09-08 02:00:00 [INFO] request completed (req-3341)
2026-09-08 03:00:00 [INFO] cache miss on product page (req-3342)
2026-09-08 04:00:00 [INFO] connection reset by peer (req-3343)
2026-09-08 05:00:00 [INFO] cache miss on product page (req-3344)
2026-09-08 06:00:00 [INFO] session expired (req-3345)
2026-09-08 07:00:00 [INFO] database query slow (req-3346)
2026-09-08 08:00:00 [WARN] disk usage high (req-3347)
2026-09-08 00:00:00 [INFO] disk usage high (req-3348)
2026-09-08 01:00:00 [INFO] disk usage high (req-3349)
2026-09-08 02:00:00 [INFO] connection reset by peer (req-3350)
2026-09-08 03:00:00 [INFO] session expired (req-3351)
2026-09-08 04:00:00 [INFO] payment gateway timeout (req-3352)
2026-09-08 05:00:00 [INFO] database query slow (req-3353)
2026-09-08 06:00:00 [INFO] database query slow (req-3354)
2026-09-08 07:00:00 [INFO] cache miss on product page (req-3355)
2026-09-08 08:00:00 [WARN] database query slow (req-3356)
2026-09-08 00:00:00 [INFO] disk usage high (req-3357)
2026-09-08 01:00:00 [INFO] database query slow (req-3358)
2026-09-08 02:00:00 [INFO] user login successful (req-3359)
2026-09-08 03:00:00 [ERROR] payment gateway timeout (req-3360)
2026-09-08 04:00:00 [INFO] session expired (req-3361)
2026-09-08 05:00:00 [INFO] payment gateway timeout (req-3362)
2026-09-08 06:00:00 [INFO] connection reset by peer (req-3363)
2026-09-08 07:00:00 [WARN] database query slow (req-3364)
2026-09-08 08:00:00 [INFO] cache miss on product page (req-3365)
2026-09-08 00:00:00 [INFO] user login successful (req-3366)
2026-09-08 01:00:00 [INFO] payment gateway timeout (req-3367)
2026-09-08 02:00:00 [INFO] database query slow (req-3368)
2026-09-08 03:00:00 [WARN] connection reset by peer (req-3369)
2026-09-08 04:00:00 [INFO] connection reset by peer (req-3370)
2026-09-08 05:00:00 [INFO] payment gateway timeout (req-3371)
2026-09-08 06:00:00 [INFO] user login successful (req-3372)
2026-09-08 07:00:00 [INFO] connection reset by peer (req-3373)
2026-09-08 08:00:00 [WARN] disk usage high (req-3374)
2026-09-08 00:00:00 [INFO] payment gateway timeout (req-3375)
2026-09-08 01:00:00 [INFO] session expired (req-3376)
2026-09-08 02:00:00 [WARN] user login successful (req-3377)
2026-09-08 03:00:00 [INFO] database query slow (req-3378)
2026-09-08 04:00:00 [INFO] request completed (req-3379)
2026-09-08 05:00:00 [INFO] cache miss on product page (req-3380)
2026-09-08 06:00:00 [WARN] connection reset by peer (req-3381)
2026-09-08 07:00:00 [INFO] cache miss on product page (req-3382)
2026-09-08 08:00:00 [INFO] connection reset by peer (req-3383)
2026-09-08 00:00:00 [INFO] request completed (req-3384)
2026-09-08 01:00:00 [INFO] cache miss on product page (req-3385)
2026-09-08 02:00:00 [INFO] payment gateway timeout (req-3386)
2026-09-08 03:00:00 [INFO] disk usage high (req-3387)
2026-09-08 04:00:00 [INFO] connection reset by peer (req-3388)
2026-09-08 05:00:00 [INFO] request completed (req-3389)
2026-09-08 06:00:00 [INFO] disk usage high (req-3390)
2026-09-08 07:00:00 [INFO] database query slow (req-3391)
2026-09-08 08:00:00 [INFO] request completed (req-3392)
2026-09-08 00:00:00 [INFO] request completed (req-3393)
2026-09-08 01:00:00 [WARN] user login successful (req-3394)
2026-09-08 02:00:00 [WARN] connection reset by peer (req-3395)
2026-09-08 03:00:00 [INFO] user login successful (req-3396)
2026-09-08 04:00:00 [INFO] database query slow (req-3397)
2026-09-08 05:00:00 [WARN] disk usage high (req-3398)
2026-09-08 06:00:00 [INFO] user login successful (req-3399)
2026-09-08 07:00:00 [INFO] disk usage high (req-3400)
2026-09-08 08:00:00 [INFO] connection reset by peer (req-3401)
2026-09-08 00:00:00 [ERROR] session expired (req-3402)
2026-09-08 01:00:00 [INFO] request completed (req-3403)
2026-09-08 02:00:00 [INFO] cache miss on product page (req-3404)
2026-09-08 03:00:00 [INFO] database query slow (req-3405)
2026-09-08 04:00:00 [INFO] disk usage high (req-3406)
2026-09-08 05:00:00 [INFO] payment gateway timeout (req-3407)
2026-09-08 06:00:00 [ERROR] connection reset by peer (req-3408)
2026-09-08 07:00:00 [WARN] session expired (req-3409)
2026-09-08 08:00:00 [INFO] user login successful (req-3410)
2026-09-08 00:00:00 [ERROR] database query slow (req-3411)
2026-09-08 01:00:00 [INFO] session expired (req-3412)
2026-09-08 02:00:00 [INFO] user login successful (req-3413)
2026-09-08 03:00:00 [INFO] cache miss on product page (req-3414)
2026-09-08 04:00:00 [INFO] request completed (req-3415)
2026-09-08 05:00:00 [INFO] user login successful (req-3416)
2026-09-08 06:00:00 [INFO] disk usage high (req-3417)
2026-09-08 07:00:00 [ERROR] request completed (req-3418)
2026-09-08 08:00:00 [INFO] payment gateway timeout (req-3419)
2026-09-08 00:00:00 [INFO] connection reset by peer (req-3420)
2026-09-08 01:00:00 [INFO] session expired (req-3421)
2026-09-08 02:00:00 [INFO] user login successful (req-3422)
2026-09-08 03:00:00 [ERROR] connection reset by peer (req-3423)
2026-09-08 04:00:00 [INFO] connection reset by peer (req-3424)
2026-09-08 05:00:00 [INFO] request completed (req-3425)
2026-09-08 06:00:00 [INFO] connection reset by peer (req-3426)
2026-09-08 07:00:00 [INFO] cache miss on product page (req-3427)
2026-09-08 08:00:00 [INFO] payment gateway timeout (req-3428)
2026-09-08 00:00:00 [ERROR] payment gateway timeout (req-3429)
2026-09-08 01:00:00 [INFO] database query slow (req-3430)
2026-09-08 02:00:00 [INFO] disk usage high (req-3431)
2026-09-08 03:00:00 [INFO] session expired (req-3432)
2026-09-08 04:00:00 [INFO] connection reset by peer (req-3433)
2026-09-08 05:00:00 [INFO] disk usage high (req-3434)
2026-09-08 06:00:00 [INFO] connection reset by peer (req-3435)
2026-09-08 07:00:00 [INFO] connection reset by peer (req-3436)
2026-09-08 08:00:00 [INFO] cache miss on product page (req-3437)
2026-09-08 00:00:00 [WARN] session expired (req-3438)
2026-09-08 01:00:00 [INFO] cache miss on product page (req-3439)
2026-09-08 02:00:00 [WARN] connection reset by peer (req-3440)
2026-09-08 03:00:00 [INFO] connection reset by peer (req-3441)
2026-09-08 04:00:00 [ERROR] disk usage high (req-3442)
2026-09-08 05:00:00 [INFO] database query slow (req-3443)
2026-09-08 06:00:00 [INFO] database query slow (req-3444)
2026-09-08 07:00:00 [WARN] request completed (req-3445)
2026-09-08 08:00:00 [ERROR] disk usage high (req-3446)
2026-09-08 00:00:00 [INFO] connection reset by peer (req-3447)
2026-09-08 01:00:00 [ERROR] cache miss on product page (req-3448)
2026-09-08 02:00:00 [INFO] cache miss on product page (req-3449)
2026-09-08 03:00:00 [INFO] database query slow (req-3450)
2026-09-08 04:00:00 [INFO] disk usage high (req-3451)
2026-09-08 05:00:00 [INFO] cache miss on product page (req-3452)
2026-09-08 06:00:00 [INFO] disk usage high (req-3453)
2026-09-08 07:00:00 [ERROR] request completed (req-3454)
2026-09-08 08:00:00 [INFO] database query slow (req-3455)
2026-09-08 00:00:00 [ERROR] session expired (req-3456)
2026-09-08 01:00:00 [WARN] request completed (req-3457)
2026-09-08 02:00:00 [INFO] database query slow (req-3458)
2026-09-08 03:00:00 [ERROR] connection reset by peer (req-3459)
2026-09-08 04:00:00 [WARN] connection reset by peer (req-3460)
2026-09-08 05:00:00 [ERROR] cache miss on product page (req-3461)
2026-09-08 06:00:00 [INFO] payment gateway timeout (req-3462)
2026-09-08 07:00:00 [INFO] database query slow (req-3463)
2026-09-08 08:00:00 [INFO] database query slow (req-3464)
2026-09-08 00:00:00 [INFO] disk usage high (req-3465)
2026-09-08 01:00:00 [INFO] disk usage high (req-3466)
2026-09-08 02:00:00 [INFO] session expired (req-3467)
2026-09-08 03:00:00 [INFO] user login successful (req-3468)
2026-09-08 04:00:00 [INFO] session expired (req-3469)
2026-09-08 05:00:00 [INFO] database query slow (req-3470)
2026-09-08 06:00:00 [INFO] connection reset by peer (req-3471)
2026-09-08 07:00:00 [INFO] connection reset by peer (req-3472)
2026-09-08 08:00:00 [INFO] request completed (req-3473)
2026-09-08 00:00:00 [INFO] request completed (req-3474)
2026-09-08 01:00:00 [INFO] database query slow (req-3475)
2026-09-08 02:00:00 [INFO] disk usage high (req-3476)
2026-09-08 03:00:00 [WARN] database query slow (req-3477)
2026-09-08 04:00:00 [INFO] request completed (req-3478)
2026-09-08 05:00:00 [INFO] request completed (req-3479)
2026-09-08 06:00:00 [WARN] session expired (req-3480)
2026-09-08 07:00:00 [INFO] user login successful (req-3481)
2026-09-08 08:00:00 [INFO] connection reset by peer (req-3482)
2026-09-08 00:00:00 [INFO] payment gateway timeout (req-3483)
2026-09-08 01:00:00 [INFO] session expired (req-3484)
2026-09-08 02:00:00 [INFO] connection reset by peer (req-3485)
2026-09-08 03:00:00 [WARN] disk usage high (req-3486)
2026-09-08 04:00:00 [WARN] session expired (req-3487)
2026-09-08 05:00:00 [WARN] connection reset by peer (req-3488)
2026-09-08 06:00:00 [INFO] request completed (req-3489)
2026-09-08 07:00:00 [INFO] database query slow (req-3490)
2026-09-08 08:00:00 [INFO] database query slow (req-3491)
2026-09-08 00:00:00 [INFO] payment gateway timeout (req-3492)
2026-09-08 01:00:00 [WARN] cache miss on product page (req-3493)
2026-09-08 02:00:00 [INFO] connection reset by peer (req-3494)
2026-09-08 03:00:00 [INFO] payment gateway timeout (req-3495)
2026-09-08 04:00:00 [INFO] cache miss on product page (req-3496)
2026-09-08 05:00:00 [INFO] cache miss on product page (req-3497)
2026-09-08 06:00:00 [ERROR] cache miss on product page (req-3498)
2026-09-08 07:00:00 [INFO] database query slow (req-3499)
2026-09-08 08:00:00 [INFO] session expired (req-3500)
2026-09-08 00:00:00 [INFO] session expired (req-3501)
2026-09-08 01:00:00 [INFO] disk usage high (req-3502)
2026-09-08 02:00:00 [INFO] request completed (req-3503)
2026-09-08 03:00:00 [WARN] user login successful (req-3504)
2026-09-08 04:00:00 [INFO] payment gateway timeout (req-3505)
2026-09-08 05:00:00 [INFO] cache miss on product page (req-3506)
2026-09-08 06:00:00 [INFO] request completed (req-3507)
2026-09-08 07:00:00 [ERROR] user login successful (req-3508)
2026-09-08 08:00:00 [INFO] session expired (req-3509)
2026-09-08 00:00:00 [INFO] connection reset by peer (req-3510)
2026-09-08 01:00:00 [INFO] database query slow (req-3511)
2026-09-08 02:00:00 [INFO] user login successful (req-3512)
2026-09-08 03:00:00 [INFO] session expired (req-3513)
2026-09-08 04:00:00 [INFO] database query slow (req-3514)
2026-09-08 05:00:00 [WARN] user login successful (req-3515)
2026-09-08 06:00:00 [INFO] payment gateway timeout (req-3516)
2026-09-08 07:00:00 [INFO] connection reset by peer (req-3517)
2026-09-08 08:00:00 [INFO] database query slow (req-3518)
2026-09-08 00:00:00 [WARN] disk usage high (req-3519)
2026-09-08 01:00:00 [INFO] disk usage high (req-3520)
2026-09-08 02:00:00 [INFO] payment gateway timeout (req-3521)
2026-09-08 03:00:00 [INFO] disk usage high (req-3522)
2026-09-08 04:00:00 [INFO] user login successful (req-3523)
2026-09-08 05:00:00 [WARN] payment gateway timeout (req-3524)
2026-09-08 06:00:00 [INFO] request completed (req-3525)
2026-09-08 07:00:00 [INFO] request completed (req-3526)
2026-09-08 08:00:00 [INFO] payment gateway timeout (req-3527)
2026-09-08 00:00:00 [INFO] request completed (req-3528)
2026-09-08 01:00:00 [ERROR] cache miss on product page (req-3529)
2026-09-08 02:00:00 [INFO] cache miss on product page (req-3530)
2026-09-08 03:00:00 [INFO] cache miss on product page (req-3531)
2026-09-08 04:00:00 [ERROR] database query slow (req-3532)
2026-09-08 05:00:00 [INFO] user login successful (req-3533)
2026-09-08 06:00:00 [INFO] user login successful (req-3534)
2026-09-08 07:00:00 [WARN] database query slow (req-3535)
2026-09-08 08:00:00 [INFO] request completed (req-3536)
2026-09-08 00:00:00 [INFO] payment gateway timeout (req-3537)
2026-09-08 01:00:00 [INFO] session expired (req-3538)
2026-09-08 02:00:00 [ERROR] user login successful (req-3539)
2026-09-08 03:00:00 [INFO] user login successful (req-3540)
2026-09-08 04:00:00 [INFO] request completed (req-3541)
2026-09-08 05:00:00 [INFO] disk usage high (req-3542)
2026-09-08 06:00:00 [INFO] cache miss on product page (req-3543)
2026-09-08 07:00:00 [WARN] request completed (req-3544)
2026-09-08 08:00:00 [WARN] cache miss on product page (req-3545)
2026-09-08 00:00:00 [INFO] request completed (req-3546)
2026-09-08 01:00:00 [INFO] session expired (req-3547)
2026-09-08 02:00:00 [INFO] cache miss on product page (req-3548)
2026-09-08 03:00:00 [INFO] payment gateway timeout (req-3549)
2026-09-08 04:00:00 [ERROR] cache miss on product page (req-3550)
2026-09-08 05:00:00 [INFO] cache miss on product page (req-3551)
2026-09-08 06:00:00 [INFO] payment gateway timeout (req-3552)
2026-09-08 07:00:00 [INFO] payment gateway timeout (req-3553)
2026-09-08 08:00:00 [INFO] database query slow (req-3554)
2026-09-08 00:00:00 [INFO] cache miss on product page (req-3555)
2026-09-08 01:00:00 [INFO] user login successful (req-3556)
2026-09-08 02:00:00 [INFO] database query slow (req-3557)
2026-09-08 03:00:00 [ERROR] cache miss on product page (req-3558)
2026-09-08 04:00:00 [INFO] database query slow (req-3559)
2026-09-08 05:00:00 [WARN] request completed (req-3560)
2026-09-08 06:00:00 [INFO] request completed (req-3561)
2026-09-08 07:00:00 [INFO] connection reset by peer (req-3562)
2026-09-08 08:00:00 [INFO] database query slow (req-3563)
2026-09-08 00:00:00 [INFO] cache miss on product page (req-3564)
2026-09-08 01:00:00 [INFO] session expired (req-3565)
2026-09-08 02:00:00 [INFO] payment gateway timeout (req-3566)
2026-09-08 03:00:00 [INFO] session expired (req-3567)
2026-09-08 04:00:00 [INFO] database query slow (req-3568)
2026-09-08 05:00:00 [INFO] database query slow (req-3569)
2026-09-08 06:00:00 [INFO] cache miss on product page (req-3570)
2026-09-08 07:00:00 [INFO] request completed (req-3571)
2026-09-08 08:00:00 [ERROR] user login successful (req-3572)
2026-09-08 00:00:00 [ERROR] connection reset by peer (req-3573)
2026-09-08 01:00:00 [INFO] disk usage high (req-3574)
2026-09-08 02:00:00 [INFO] connection reset by peer (req-3575)
2026-09-08 03:00:00 [INFO] database query slow (req-3576)
2026-09-08 04:00:00 [INFO] request completed (req-3577)
2026-09-08 05:00:00 [WARN] cache miss on product page (req-3578)
2026-09-08 06:00:00 [INFO] database query slow (req-3579)
2026-09-08 07:00:00 [INFO] session expired (req-3580)
2026-09-08 08:00:00 [INFO] database query slow (req-3581)
2026-09-08 00:00:00 [WARN] disk usage high (req-3582)
2026-09-08 01:00:00 [INFO] request completed (req-3583)
2026-09-08 02:00:00 [INFO] user login successful (req-3584)
2026-09-08 03:00:00 [INFO] disk usage high (req-3585)
2026-09-08 04:00:00 [INFO] connection reset by peer (req-3586)
2026-09-08 05:00:00 [INFO] disk usage high (req-3587)
2026-09-08 06:00:00 [INFO] user login successful (req-3588)
2026-09-08 07:00:00 [ERROR] request completed (req-3589)
2026-09-08 08:00:00 [INFO] request completed (req-3590)
2026-09-08 00:00:00 [INFO] user login successful (req-3591)
2026-09-08 01:00:00 [INFO] connection reset by peer (req-3592)
2026-09-08 02:00:00 [INFO] database query slow (req-3593)
2026-09-08 03:00:00 [WARN] session expired (req-3594)
2026-09-08 04:00:00 [INFO] request completed (req-3595)
2026-09-08 05:00:00 [INFO] payment gateway timeout (req-3596)
2026-09-08 06:00:00 [INFO] request completed (req-3597)
2026-09-08 07:00:00 [INFO] cache miss on product page (req-3598)
2026-09-08 08:00:00 [INFO] session expired (req-3599)
2026-09-08 00:00:00 [WARN] user login successful (req-3600)
2026-09-08 01:00:00 [WARN] connection reset by peer (req-3601)
2026-09-08 02:00:00 [INFO] request completed (req-3602)
2026-09-08 03:00:00 [ERROR] disk usage high (req-3603)
2026-09-08 04:00:00 [INFO] cache miss on product page (req-3604)
2026-09-08 05:00:00 [INFO] connection reset by peer (req-3605)
2026-09-08 06:00:00 [INFO] cache miss on product page (req-3606)
2026-09-08 07:00:00 [INFO] connection reset by peer (req-3607)
2026-09-08 08:00:00 [ERROR] cache miss on product page (req-3608)
2026-09-08 00:00:00 [INFO] request completed (req-3609)
2026-09-08 01:00:00 [INFO] session expired (req-3610)
2026-09-08 02:00:00 [INFO] payment gateway timeout (req-3611)
2026-09-08 03:00:00 [WARN] payment gateway timeout (req-3612)
2026-09-08 04:00:00 [INFO] database query slow (req-3613)
2026-09-08 05:00:00 [ERROR] user login successful (req-3614)
2026-09-08 06:00:00 [INFO] user login successful (req-3615)
2026-09-08 07:00:00 [WARN] cache miss on product page (req-3616)
2026-09-08 08:00:00 [INFO] database query slow (req-3617)
2026-09-08 00:00:00 [INFO] connection reset by peer (req-3618)
2026-09-08 01:00:00 [ERROR] payment gateway timeout (req-3619)
2026-09-08 02:00:00 [INFO] cache miss on product page (req-3620)
2026-09-08 03:00:00 [INFO] payment gateway timeout (req-3621)
2026-09-08 04:00:00 [INFO] cache miss on product page (req-3622)
2026-09-08 05:00:00 [INFO] request completed (req-3623)
2026-09-08 06:00:00 [INFO] cache miss on product page (req-3624)
2026-09-08 07:00:00 [INFO] disk usage high (req-3625)
2026-09-08 08:00:00 [WARN] disk usage high (req-3626)
2026-09-08 00:00:00 [INFO] disk usage high (req-3627)
2026-09-08 01:00:00 [INFO] database query slow (req-3628)
2026-09-08 02:00:00 [ERROR] cache miss on product page (req-3629)
2026-09-08 03:00:00 [ERROR] session expired (req-3630)
2026-09-08 04:00:00 [INFO] payment gateway timeout (req-3631)
2026-09-08 05:00:00 [INFO] connection reset by peer (req-3632)
2026-09-08 06:00:00 [INFO] cache miss on product page (req-3633)
2026-09-08 07:00:00 [INFO] payment gateway timeout (req-3634)
2026-09-08 08:00:00 [INFO] payment gateway timeout (req-3635)
2026-09-08 00:00:00 [INFO] user login successful (req-3636)
2026-09-08 01:00:00 [INFO] payment gateway timeout (req-3637)
2026-09-08 02:00:00 [INFO] payment gateway timeout (req-3638)
2026-09-08 03:00:00 [INFO] database query slow (req-3639)
2026-09-08 04:00:00 [INFO] request completed (req-3640)
2026-09-08 05:00:00 [INFO] disk usage high (req-3641)
2026-09-08 06:00:00 [INFO] disk usage high (req-3642)
2026-09-08 07:00:00 [INFO] connection reset by peer (req-3643)
2026-09-08 08:00:00 [INFO] database query slow (req-3644)
2026-09-08 00:00:00 [WARN] session expired (req-3645)
2026-09-08 01:00:00 [WARN] payment gateway timeout (req-3646)
2026-09-08 02:00:00 [INFO] disk usage high (req-3647)
2026-09-08 03:00:00 [INFO] database query slow (req-3648)
2026-09-08 04:00:00 [ERROR] user login successful (req-3649)
2026-09-08 05:00:00 [INFO] request completed (req-3650)
2026-09-08 06:00:00 [INFO] request completed (req-3651)
2026-09-08 07:00:00 [INFO] connection reset by peer (req-3652)
2026-09-08 08:00:00 [INFO] database query slow (req-3653)
2026-09-08 00:00:00 [INFO] cache miss on product page (req-3654)
2026-09-08 01:00:00 [INFO] database query slow (req-3655)
2026-09-08 02:00:00 [INFO] session expired (req-3656)
2026-09-08 03:00:00 [WARN] user login successful (req-3657)
2026-09-08 04:00:00 [INFO] request completed (req-3658)
2026-09-08 05:00:00 [INFO] cache miss on product page (req-3659)
2026-09-08 06:00:00 [INFO] user login successful (req-3660)
2026-09-08 07:00:00 [WARN] user login successful (req-3661)
2026-09-08 08:00:00 [WARN] user login successful (req-3662)
2026-09-08 00:00:00 [INFO] connection reset by peer (req-3663)
2026-09-08 01:00:00 [INFO] request completed (req-3664)
2026-09-08 02:00:00 [INFO] payment gateway timeout (req-3665)
2026-09-08 03:00:00 [INFO] session expired (req-3666)
2026-09-08 04:00:00 [INFO] session expired (req-3667)
2026-09-08 05:00:00 [ERROR] user login successful (req-3668)
2026-09-08 06:00:00 [ERROR] disk usage high (req-3669)
2026-09-08 07:00:00 [INFO] connection reset by peer (req-3670)
2026-09-08 08:00:00 [WARN] user login successful (req-3671)
2026-09-08 00:00:00 [INFO] disk usage high (req-3672)
2026-09-08 01:00:00 [INFO] disk usage high (req-3673)
2026-09-08 02:00:00 [INFO] disk usage high (req-3674)
2026-09-08 03:00:00 [INFO] payment gateway timeout (req-3675)
2026-09-08 04:00:00 [INFO] database query slow (req-3676)
2026-09-08 05:00:00 [INFO] database query slow (req-3677)
2026-09-08 06:00:00 [WARN] session expired (req-3678)
2026-09-08 07:00:00 [WARN] payment gateway timeout (req-3679)
2026-09-08 08:00:00 [INFO] request completed (req-3680)
2026-09-08 00:00:00 [INFO] session expired (req-3681)
2026-09-08 01:00:00 [INFO] connection reset by peer (req-3682)
2026-09-08 02:00:00 [INFO] connection reset by peer (req-3683)
2026-09-08 03:00:00 [ERROR] database query slow (req-3684)
2026-09-08 04:00:00 [INFO] session expired (req-3685)
2026-09-08 05:00:00 [INFO] cache miss on product page (req-3686)
2026-09-08 06:00:00 [INFO] cache miss on product page (req-3687)
2026-09-08 07:00:00 [INFO] cache miss on product page (req-3688)
2026-09-08 08:00:00 [INFO] database query slow (req-3689)
2026-09-08 00:00:00 [ERROR] cache miss on product page (req-3690)
2026-09-08 01:00:00 [INFO] database query slow (req-3691)
2026-09-08 02:00:00 [WARN] database query slow (req-3692)
2026-09-08 03:00:00 [INFO] payment gateway timeout (req-3693)
2026-09-08 04:00:00 [INFO] session expired (req-3694)
2026-09-08 05:00:00 [INFO] request completed (req-3695)
2026-09-08 06:00:00 [ERROR] connection reset by peer (req-3696)
2026-09-08 07:00:00 [INFO] user login successful (req-3697)
2026-09-08 08:00:00 [WARN] session expired (req-3698)
2026-09-08 00:00:00 [WARN] connection reset by peer (req-3699)
2026-09-08 01:00:00 [INFO] cache miss on product page (req-3700)
2026-09-08 02:00:00 [ERROR] cache miss on product page (req-3701)
2026-09-08 03:00:00 [INFO] cache miss on product page (req-3702)
2026-09-08 04:00:00 [WARN] session expired (req-3703)
2026-09-08 05:00:00 [WARN] database query slow (req-3704)
2026-09-08 06:00:00 [INFO] request completed (req-3705)
2026-09-08 07:00:00 [INFO] request completed (req-3706)
2026-09-08 08:00:00 [INFO] cache miss on product page (req-3707)
2026-09-08 00:00:00 [INFO] cache miss on product page (req-3708)
2026-09-08 01:00:00 [INFO] connection reset by peer (req-3709)
2026-09-08 02:00:00 [INFO] request completed (req-3710)
2026-09-08 03:00:00 [INFO] database query slow (req-3711)
2026-09-08 04:00:00 [INFO] database query slow (req-3712)
2026-09-08 05:00:00 [INFO] connection reset by peer (req-3713)
2026-09-08 06:00:00 [INFO] database query slow (req-3714)
2026-09-08 07:00:00 [INFO] payment gateway timeout (req-3715)
2026-09-08 08:00:00 [INFO] disk usage high (req-3716)
2026-09-08 00:00:00 [INFO] disk usage high (req-3717)
2026-09-08 01:00:00 [WARN] session expired (req-3718)
2026-09-08 02:00:00 [INFO] user login successful (req-3719)
2026-09-08 03:00:00 [INFO] database query slow (req-3720)
2026-09-08 04:00:00 [INFO] database query slow (req-3721)
2026-09-08 05:00:00 [INFO] session expired (req-3722)
2026-09-08 06:00:00 [INFO] cache miss on product page (req-3723)
2026-09-08 07:00:00 [INFO] request completed (req-3724)
2026-09-08 08:00:00 [INFO] cache miss on product page (req-3725)
2026-09-08 00:00:00 [INFO] disk usage high (req-3726)
2026-09-08 01:00:00 [INFO] payment gateway timeout (req-3727)
2026-09-08 02:00:00 [ERROR] user login successful (req-3728)
2026-09-08 03:00:00 [WARN] cache miss on product page (req-3729)
2026-09-08 04:00:00 [INFO] session expired (req-3730)
2026-09-08 05:00:00 [INFO] connection reset by peer (req-3731)
2026-09-08 06:00:00 [INFO] database query slow (req-3732)
2026-09-08 07:00:00 [INFO] connection reset by peer (req-3733)
2026-09-08 08:00:00 [WARN] disk usage high (req-3734)
2026-09-08 00:00:00 [INFO] payment gateway timeout (req-3735)
2026-09-08 01:00:00 [INFO] session expired (req-3736)
2026-09-08 02:00:00 [WARN] user login successful (req-3737)
2026-09-08 03:00:00 [INFO] request completed (req-3738)
2026-09-08 04:00:00 [WARN] user login successful (req-3739)
2026-09-08 05:00:00 [INFO] payment gateway timeout (req-3740)
2026-09-08 06:00:00 [INFO] connection reset by peer (req-3741)
2026-09-08 07:00:00 [INFO] request completed (req-3742)
2026-09-08 08:00:00 [INFO] session expired (req-3743)
2026-09-08 00:00:00 [INFO] database query slow (req-3744)
2026-09-08 01:00:00 [WARN] payment gateway timeout (req-3745)
2026-09-08 02:00:00 [INFO] request completed (req-3746)
2026-09-08 03:00:00 [INFO] database query slow (req-3747)
2026-09-08 04:00:00 [INFO] connection reset by peer (req-3748)
2026-09-08 05:00:00 [WARN] session expired (req-3749)
2026-09-08 06:00:00 [INFO] connection reset by peer (req-3750)
2026-09-08 07:00:00 [INFO] connection reset by peer (req-3751)
2026-09-08 08:00:00 [INFO] database query slow (req-3752)
2026-09-08 00:00:00 [INFO] cache miss on product page (req-3753)
2026-09-08 01:00:00 [INFO] cache miss on product page (req-3754)
2026-09-08 02:00:00 [WARN] database query slow (req-3755)
2026-09-08 03:00:00 [ERROR] connection reset by peer (req-3756)
2026-09-08 04:00:00 [INFO] user login successful (req-3757)
2026-09-08 05:00:00 [INFO] connection reset by peer (req-3758)
2026-09-08 06:00:00 [INFO] database query slow (req-3759)
2026-09-08 07:00:00 [INFO] user login successful (req-3760)
2026-09-08 08:00:00 [INFO] session expired (req-3761)
2026-09-08 00:00:00 [INFO] cache miss on product page (req-3762)
2026-09-08 01:00:00 [ERROR] connection reset by peer (req-3763)
2026-09-08 02:00:00 [INFO] payment gateway timeout (req-3764)
2026-09-08 03:00:00 [INFO] user login successful (req-3765)
2026-09-08 04:00:00 [INFO] disk usage high (req-3766)
2026-09-08 05:00:00 [WARN] disk usage high (req-3767)
2026-09-08 06:00:00 [INFO] session expired (req-3768)
2026-09-08 07:00:00 [INFO] cache miss on product page (req-3769)
2026-09-08 08:00:00 [INFO] request completed (req-3770)
2026-09-08 00:00:00 [INFO] session expired (req-3771)
2026-09-08 01:00:00 [INFO] session expired (req-3772)
2026-09-08 02:00:00 [WARN] disk usage high (req-3773)
2026-09-08 03:00:00 [WARN] cache miss on product page (req-3774)
2026-09-08 04:00:00 [WARN] connection reset by peer (req-3775)
2026-09-08 05:00:00 [ERROR] connection reset by peer (req-3776)
2026-09-08 06:00:00 [INFO] request completed (req-3777)
2026-09-08 07:00:00 [ERROR] user login successful (req-3778)
2026-09-08 08:00:00 [ERROR] user login successful (req-3779)
2026-09-08 00:00:00 [INFO] connection reset by peer (req-3780)
2026-09-08 01:00:00 [INFO] cache miss on product page (req-3781)
2026-09-08 02:00:00 [INFO] session expired (req-3782)
2026-09-08 03:00:00 [INFO] connection reset by peer (req-3783)
2026-09-08 04:00:00 [WARN] user login successful (req-3784)
2026-09-08 05:00:00 [ERROR] database query slow (req-3785)
2026-09-08 06:00:00 [INFO] connection reset by peer (req-3786)
2026-09-08 07:00:00 [WARN] disk usage high (req-3787)
2026-09-08 08:00:00 [WARN] cache miss on product page (req-3788)
2026-09-08 00:00:00 [INFO] request completed (req-3789)
2026-09-08 01:00:00 [INFO] disk usage high (req-3790)
2026-09-08 02:00:00 [WARN] request completed (req-3791)
2026-09-08 03:00:00 [ERROR] payment gateway timeout (req-3792)
2026-09-08 04:00:00 [INFO] session expired (req-3793)
2026-09-08 05:00:00 [INFO] cache miss on product page (req-3794)
2026-09-08 06:00:00 [INFO] cache miss on product page (req-3795)
2026-09-08 07:00:00 [INFO] user login successful (req-3796)
2026-09-08 08:00:00 [INFO] session expired (req-3797)
2026-09-08 00:00:00 [INFO] session expired (req-3798)
2026-09-08 01:00:00 [INFO] session expired (req-3799)
2026-09-08 02:00:00 [INFO] disk usage high (req-3800)
2026-09-08 03:00:00 [INFO] request completed (req-3801)
2026-09-08 04:00:00 [INFO] connection reset by peer (req-3802)
2026-09-08 05:00:00 [INFO] request completed (req-3803)
2026-09-08 06:00:00 [INFO] database query slow (req-3804)
2026-09-08 07:00:00 [INFO] connection reset by peer (req-3805)
2026-09-08 08:00:00 [INFO] session expired (req-3806)
2026-09-08 00:00:00 [INFO] user login successful (req-3807)
2026-09-08 01:00:00 [WARN] user login successful (req-3808)
2026-09-08 02:00:00 [INFO] session expired (req-3809)
2026-09-08 03:00:00 [ERROR] disk usage high (req-3810)
2026-09-08 04:00:00 [INFO] connection reset by peer (req-3811)
2026-09-08 05:00:00 [ERROR] user login successful (req-3812)
2026-09-08 06:00:00 [INFO] database query slow (req-3813)
2026-09-08 07:00:00 [INFO] cache miss on product page (req-3814)
2026-09-08 08:00:00 [INFO] disk usage high (req-3815)
2026-09-08 00:00:00 [INFO] database query slow (req-3816)
2026-09-08 01:00:00 [INFO] database query slow (req-3817)
2026-09-08 02:00:00 [INFO] disk usage high (req-3818)
2026-09-08 03:00:00 [WARN] payment gateway timeout (req-3819)
2026-09-08 04:00:00 [WARN] payment gateway timeout (req-3820)
2026-09-08 05:00:00 [INFO] user login successful (req-3821)
2026-09-08 06:00:00 [INFO] request completed (req-3822)
2026-09-08 07:00:00 [INFO] cache miss on product page (req-3823)
2026-09-08 08:00:00 [WARN] database query slow (req-3824)
2026-09-08 00:00:00 [INFO] connection reset by peer (req-3825)
2026-09-08 01:00:00 [WARN] user login successful (req-3826)
2026-09-08 02:00:00 [INFO] connection reset by peer (req-3827)
2026-09-08 03:00:00 [WARN] cache miss on product page (req-3828)
2026-09-08 04:00:00 [WARN] session expired (req-3829)
2026-09-08 05:00:00 [INFO] disk usage high (req-3830)
2026-09-08 06:00:00 [INFO] payment gateway timeout (req-3831)
2026-09-08 07:00:00 [WARN] user login successful (req-3832)
2026-09-08 08:00:00 [INFO] request completed (req-3833)
2026-09-08 00:00:00 [ERROR] connection reset by peer (req-3834)
2026-09-08 01:00:00 [INFO] payment gateway timeout (req-3835)
2026-09-08 02:00:00 [INFO] cache miss on product page (req-3836)
2026-09-08 03:00:00 [INFO] request completed (req-3837)
2026-09-08 04:00:00 [INFO] database query slow (req-3838)
2026-09-08 05:00:00 [INFO] user login successful (req-3839)
2026-09-08 06:00:00 [WARN] database query slow (req-3840)
2026-09-08 07:00:00 [INFO] database query slow (req-3841)
2026-09-08 08:00:00 [INFO] disk usage high (req-3842)
2026-09-08 00:00:00 [INFO] disk usage high (req-3843)
2026-09-08 01:00:00 [ERROR] payment gateway timeout (req-3844)
2026-09-08 02:00:00 [INFO] connection reset by peer (req-3845)
2026-09-08 03:00:00 [INFO] connection reset by peer (req-3846)
2026-09-08 04:00:00 [INFO] payment gateway timeout (req-3847)
2026-09-08 05:00:00 [INFO] database query slow (req-3848)
2026-09-08 06:00:00 [INFO] disk usage high (req-3849)
2026-09-08 07:00:00 [INFO] session expired (req-3850)
2026-09-08 08:00:00 [INFO] connection reset by peer (req-3851)
2026-09-08 00:00:00 [INFO] database query slow (req-3852)
2026-09-08 01:00:00 [INFO] cache miss on product page (req-3853)
2026-09-08 02:00:00 [INFO] database query slow (req-3854)
2026-09-08 03:00:00 [WARN] payment gateway timeout (req-3855)
2026-09-08 04:00:00 [INFO] database query slow (req-3856)
2026-09-08 05:00:00 [WARN] connection reset by peer (req-3857)
2026-09-08 06:00:00 [WARN] request completed (req-3858)
2026-09-08 07:00:00 [INFO] request completed (req-3859)
2026-09-08 08:00:00 [INFO] connection reset by peer (req-3860)
2026-09-08 00:00:00 [INFO] disk usage high (req-3861)
2026-09-08 01:00:00 [INFO] payment gateway timeout (req-3862)
2026-09-08 02:00:00 [INFO] connection reset by peer (req-3863)
2026-09-08 03:00:00 [INFO] request completed (req-3864)
2026-09-08 04:00:00 [INFO] request completed (req-3865)
2026-09-08 05:00:00 [INFO] database query slow (req-3866)
2026-09-08 06:00:00 [INFO] user login successful (req-3867)
2026-09-08 07:00:00 [WARN] database query slow (req-3868)
2026-09-08 08:00:00 [INFO] request completed (req-3869)
2026-09-08 00:00:00 [INFO] payment gateway timeout (req-3870)
2026-09-08 01:00:00 [INFO] session expired (req-3871)
2026-09-08 02:00:00 [INFO] payment gateway timeout (req-3872)
2026-09-08 03:00:00 [INFO] payment gateway timeout (req-3873)
2026-09-08 04:00:00 [INFO] payment gateway timeout (req-3874)
2026-09-08 05:00:00 [INFO] payment gateway timeout (req-3875)
2026-09-08 06:00:00 [WARN] request completed (req-3876)
2026-09-08 07:00:00 [INFO] connection reset by peer (req-3877)
2026-09-08 08:00:00 [INFO] session expired (req-3878)
2026-09-08 00:00:00 [INFO] request completed (req-3879)
2026-09-08 01:00:00 [ERROR] user login successful (req-3880)
2026-09-08 02:00:00 [INFO] connection reset by peer (req-3881)
2026-09-08 03:00:00 [WARN] cache miss on product page (req-3882)
2026-09-08 04:00:00 [INFO] database query slow (req-3883)
2026-09-08 05:00:00 [ERROR] cache miss on product page (req-3884)
2026-09-08 06:00:00 [INFO] database query slow (req-3885)
2026-09-08 07:00:00 [INFO] disk usage high (req-3886)
2026-09-08 08:00:00 [INFO] connection reset by peer (req-3887)
2026-09-08 00:00:00 [INFO] request completed (req-3888)
2026-09-08 01:00:00 [INFO] session expired (req-3889)
2026-09-08 02:00:00 [INFO] disk usage high (req-3890)
2026-09-08 03:00:00 [INFO] disk usage high (req-3891)
2026-09-08 04:00:00 [INFO] session expired (req-3892)
2026-09-08 05:00:00 [INFO] connection reset by peer (req-3893)
2026-09-08 06:00:00 [INFO] payment gateway timeout (req-3894)
2026-09-08 07:00:00 [INFO] user login successful (req-3895)
2026-09-08 08:00:00 [ERROR] user login successful (req-3896)
2026-09-08 00:00:00 [INFO] connection reset by peer (req-3897)
2026-09-08 01:00:00 [INFO] connection reset by peer (req-3898)
2026-09-08 02:00:00 [WARN] session expired (req-3899)
2026-09-08 03:00:00 [INFO] payment gateway timeout (req-3900)
2026-09-08 04:00:00 [INFO] request completed (req-3901)
2026-09-08 05:00:00 [INFO] database query slow (req-3902)
2026-09-08 06:00:00 [WARN] connection reset by peer (req-3903)
2026-09-08 07:00:00 [INFO] session expired (req-3904)
2026-09-08 08:00:00 [INFO] connection reset by peer (req-3905)
2026-09-08 00:00:00 [WARN] user login successful (req-3906)
2026-09-08 01:00:00 [INFO] payment gateway timeout (req-3907)
2026-09-08 02:00:00 [INFO] session expired (req-3908)
2026-09-08 03:00:00 [INFO] request completed (req-3909)
2026-09-08 04:00:00 [INFO] connection reset by peer (req-3910)
2026-09-08 05:00:00 [ERROR] disk usage high (req-3911)
2026-09-08 06:00:00 [INFO] request completed (req-3912)
2026-09-08 07:00:00 [INFO] disk usage high (req-3913)
2026-09-08 08:00:00 [WARN] user login successful (req-3914)
2026-09-08 00:00:00 [INFO] database query slow (req-3915)
2026-09-08 01:00:00 [WARN] disk usage high (req-3916)
2026-09-08 02:00:00 [INFO] payment gateway timeout (req-3917)
2026-09-08 03:00:00 [INFO] request completed (req-3918)
2026-09-08 04:00:00 [INFO] request completed (req-3919)
2026-09-08 05:00:00 [INFO] disk usage high (req-3920)
2026-09-08 06:00:00 [INFO] user login successful (req-3921)
2026-09-08 07:00:00 [INFO] session expired (req-3922)
2026-09-08 08:00:00 [INFO] cache miss on product page (req-3923)
2026-09-08 00:00:00 [WARN] database query slow (req-3924)
2026-09-08 01:00:00 [WARN] database query slow (req-3925)
2026-09-08 02:00:00 [INFO] user login successful (req-3926)
2026-09-08 03:00:00 [INFO] request completed (req-3927)
2026-09-08 04:00:00 [INFO] session expired (req-3928)
2026-09-08 05:00:00 [INFO] user login successful (req-3929)
2026-09-08 06:00:00 [INFO] user login successful (req-3930)
2026-09-08 07:00:00 [INFO] request completed (req-3931)
2026-09-08 08:00:00 [INFO] user login successful (req-3932)
2026-09-08 00:00:00 [INFO] request completed (req-3933)
2026-09-08 01:00:00 [INFO] database query slow (req-3934)
2026-09-08 02:00:00 [INFO] session expired (req-3935)
2026-09-08 03:00:00 [INFO] connection reset by peer (req-3936)
2026-09-08 04:00:00 [INFO] session expired (req-3937)
2026-09-08 05:00:00 [ERROR] user login successful (req-3938)
2026-09-08 06:00:00 [WARN] cache miss on product page (req-3939)
2026-09-08 07:00:00 [WARN] payment gateway timeout (req-3940)
2026-09-08 08:00:00 [WARN] request completed (req-3941)
2026-09-08 00:00:00 [ERROR] payment gateway timeout (req-3942)
2026-09-08 01:00:00 [WARN] database query slow (req-3943)
2026-09-08 02:00:00 [INFO] session expired (req-3944)
2026-09-08 03:00:00 [INFO] payment gateway timeout (req-3945)
2026-09-08 04:00:00 [INFO] disk usage high (req-3946)
2026-09-08 05:00:00 [WARN] cache miss on product page (req-3947)
2026-09-08 06:00:00 [INFO] request completed (req-3948)
2026-09-08 07:00:00 [ERROR] session expired (req-3949)
2026-09-08 08:00:00 [INFO] connection reset by peer (req-3950)
2026-09-08 00:00:00 [WARN] user login successful (req-3951)
2026-09-08 01:00:00 [INFO] connection reset by peer (req-3952)
2026-09-08 02:00:00 [INFO] request completed (req-3953)
2026-09-08 03:00:00 [INFO] user login successful (req-3954)
2026-09-08 04:00:00 [INFO] payment gateway timeout (req-3955)
2026-09-08 05:00:00 [WARN] disk usage high (req-3956)
2026-09-08 06:00:00 [INFO] connection reset by peer (req-3957)
2026-09-08 07:00:00 [INFO] payment gateway timeout (req-3958)
2026-09-08 08:00:00 [INFO] connection reset by peer (req-3959)
2026-09-08 00:00:00 [INFO] payment gateway timeout (req-3960)
2026-09-08 01:00:00 [INFO] database query slow (req-3961)
2026-09-08 02:00:00 [INFO] disk usage high (req-3962)
2026-09-08 03:00:00 [INFO] connection reset by peer (req-3963)
2026-09-08 04:00:00 [INFO] connection reset by peer (req-3964)
2026-09-08 05:00:00 [INFO] database query slow (req-3965)
2026-09-08 06:00:00 [ERROR] session expired (req-3966)
2026-09-08 07:00:00 [INFO] payment gateway timeout (req-3967)
2026-09-08 08:00:00 [INFO] payment gateway timeout (req-3968)
2026-09-08 00:00:00 [INFO] user login successful (req-3969)
2026-09-08 01:00:00 [ERROR] cache miss on product page (req-3970)
2026-09-08 02:00:00 [WARN] disk usage high (req-3971)
2026-09-08 03:00:00 [INFO] cache miss on product page (req-3972)
2026-09-08 04:00:00 [INFO] request completed (req-3973)
2026-09-08 05:00:00 [ERROR] cache miss on product page (req-3974)
2026-09-08 06:00:00 [INFO] request completed (req-3975)
2026-09-08 07:00:00 [INFO] database query slow (req-3976)
2026-09-08 08:00:00 [WARN] connection reset by peer (req-3977)
2026-09-08 00:00:00 [WARN] session expired (req-3978)
2026-09-08 01:00:00 [INFO] user login successful (req-3979)
2026-09-08 02:00:00 [INFO] session expired (req-3980)
2026-09-08 03:00:00 [WARN] session expired (req-3981)
2026-09-08 04:00:00 [INFO] session expired (req-3982)
2026-09-08 05:00:00 [INFO] connection reset by peer (req-3983)
2026-09-08 06:00:00 [INFO] user login successful (req-3984)
2026-09-08 07:00:00 [INFO] database query slow (req-3985)
2026-09-08 08:00:00 [ERROR] payment gateway timeout (req-3986)
2026-09-08 00:00:00 [INFO] session expired (req-3987)
2026-09-08 01:00:00 [INFO] user login successful (req-3988)
2026-09-08 02:00:00 [INFO] user login successful (req-3989)
2026-09-08 03:00:00 [WARN] database query slow (req-3990)
2026-09-08 04:00:00 [INFO] disk usage high (req-3991)
2026-09-08 05:00:00 [ERROR] database query slow (req-3992)
2026-09-08 06:00:00 [INFO] cache miss on product page (req-3993)
2026-09-08 07:00:00 [INFO] cache miss on product page (req-3994)
2026-09-08 08:00:00 [INFO] request completed (req-3995)
2026-09-08 00:00:00 [ERROR] session expired (req-3996)
2026-09-08 01:00:00 [INFO] session expired (req-3997)
2026-09-08 02:00:00 [INFO] session expired (req-3998)
2026-09-08 03:00:00 [INFO] session expired (req-3999)
2026-09-08 04:00:00 [WARN] cache miss on product page (req-4000)
2026-09-08 05:00:00 [INFO] payment gateway timeout (req-4001)
2026-09-08 06:00:00 [ERROR] session expired (req-4002)
2026-09-08 07:00:00 [INFO] cache miss on product page (req-4003)
2026-09-08 08:00:00 [ERROR] cache miss on product page (req-4004)
2026-09-08 00:00:00 [INFO] user login successful (req-4005)
2026-09-08 01:00:00 [INFO] database query slow (req-4006)
2026-09-08 02:00:00 [ERROR] cache miss on product page (req-4007)
2026-09-08 03:00:00 [WARN] user login successful (req-4008)
2026-09-08 04:00:00 [WARN] request completed (req-4009)
2026-09-08 05:00:00 [INFO] user login successful (req-4010)
2026-09-08 06:00:00 [WARN] request completed (req-4011)
2026-09-08 07:00:00 [INFO] payment gateway timeout (req-4012)
2026-09-08 08:00:00 [INFO] database query slow (req-4013)
2026-09-08 00:00:00 [WARN] connection reset by peer (req-4014)
2026-09-08 01:00:00 [ERROR] request completed (req-4015)
2026-09-08 02:00:00 [ERROR] session expired (req-4016)
2026-09-08 03:00:00 [ERROR] user login successful (req-4017)
2026-09-08 04:00:00 [INFO] request completed (req-4018)
2026-09-08 05:00:00 [INFO] connection reset by peer (req-4019)
2026-09-08 06:00:00 [INFO] session expired (req-4020)
2026-09-08 07:00:00 [INFO] disk usage high (req-4021)
2026-09-08 08:00:00 [INFO] payment gateway timeout (req-4022)
2026-09-08 00:00:00 [INFO] session expired (req-4023)
2026-09-08 01:00:00 [INFO] payment gateway timeout (req-4024)
2026-09-08 02:00:00 [INFO] request completed (req-4025)
2026-09-08 03:00:00 [WARN] user login successful (req-4026)
2026-09-08 04:00:00 [WARN] database query slow (req-4027)
2026-09-08 05:00:00 [INFO] request completed (req-4028)
2026-09-08 06:00:00 [INFO] cache miss on product page (req-4029)
2026-09-08 07:00:00 [INFO] payment gateway timeout (req-4030)
2026-09-08 08:00:00 [ERROR] connection reset by peer (req-4031)
2026-09-08 00:00:00 [WARN] request completed (req-4032)
2026-09-08 01:00:00 [INFO] cache miss on product page (req-4033)
2026-09-08 02:00:00 [INFO] cache miss on product page (req-4034)
2026-09-08 03:00:00 [WARN] user login successful (req-4035)
2026-09-08 04:00:00 [ERROR] database query slow (req-4036)
2026-09-08 05:00:00 [INFO] session expired (req-4037)
2026-09-08 06:00:00 [WARN] cache miss on product page (req-4038)
2026-09-08 07:00:00 [INFO] user login successful (req-4039)
2026-09-08 08:00:00 [ERROR] session expired (req-4040)
2026-09-08 00:00:00 [WARN] user login successful (req-4041)
2026-09-08 01:00:00 [INFO] database query slow (req-4042)
2026-09-08 02:00:00 [WARN] cache miss on product page (req-4043)
2026-09-08 03:00:00 [INFO] connection reset by peer (req-4044)
2026-09-08 04:00:00 [INFO] user login successful (req-4045)
2026-09-08 05:00:00 [INFO] request completed (req-4046)
2026-09-08 06:00:00 [INFO] request completed (req-4047)
2026-09-08 07:00:00 [INFO] cache miss on product page (req-4048)
2026-09-08 08:00:00 [INFO] user login successful (req-4049)
2026-09-08 00:00:00 [INFO] connection reset by peer (req-4050)
2026-09-08 01:00:00 [INFO] request completed (req-4051)
2026-09-08 02:00:00 [INFO] session expired (req-4052)
2026-09-08 03:00:00 [INFO] disk usage high (req-4053)
2026-09-08 04:00:00 [INFO] database query slow (req-4054)
2026-09-08 05:00:00 [INFO] cache miss on product page (req-4055)
2026-09-08 06:00:00 [WARN] cache miss on product page (req-4056)
2026-09-08 07:00:00 [INFO] disk usage high (req-4057)
2026-09-08 08:00:00 [INFO] user login successful (req-4058)
2026-09-08 00:00:00 [INFO] user login successful (req-4059)
2026-09-08 01:00:00 [WARN] connection reset by peer (req-4060)
2026-09-08 02:00:00 [INFO] cache miss on product page (req-4061)
2026-09-08 03:00:00 [INFO] payment gateway timeout (req-4062)
2026-09-08 04:00:00 [WARN] request completed (req-4063)
2026-09-08 05:00:00 [INFO] user login successful (req-4064)
2026-09-08 06:00:00 [INFO] disk usage high (req-4065)
2026-09-08 07:00:00 [ERROR] cache miss on product page (req-4066)
2026-09-08 08:00:00 [INFO] cache miss on product page (req-4067)
2026-09-08 00:00:00 [INFO] database query slow (req-4068)
2026-09-08 01:00:00 [INFO] payment gateway timeout (req-4069)
2026-09-08 02:00:00 [INFO] disk usage high (req-4070)
2026-09-08 03:00:00 [INFO] connection reset by peer (req-4071)
2026-09-08 04:00:00 [INFO] disk usage high (req-4072)
2026-09-08 05:00:00 [INFO] request completed (req-4073)
2026-09-08 06:00:00 [ERROR] request completed (req-4074)
2026-09-08 07:00:00 [INFO] disk usage high (req-4075)
2026-09-08 08:00:00 [INFO] database query slow (req-4076)
2026-09-08 00:00:00 [INFO] database query slow (req-4077)
2026-09-08 01:00:00 [INFO] session expired (req-4078)
2026-09-08 02:00:00 [WARN] disk usage high (req-4079)
2026-09-08 03:00:00 [INFO] payment gateway timeout (req-4080)
2026-09-08 04:00:00 [INFO] payment gateway timeout (req-4081)
2026-09-08 05:00:00 [INFO] disk usage high (req-4082)
2026-09-08 06:00:00 [INFO] payment gateway timeout (req-4083)
2026-09-08 07:00:00 [INFO] connection reset by peer (req-4084)
2026-09-08 08:00:00 [INFO] payment gateway timeout (req-4085)
2026-09-08 00:00:00 [INFO] disk usage high (req-4086)
2026-09-08 01:00:00 [INFO] disk usage high (req-4087)
2026-09-08 02:00:00 [WARN] session expired (req-4088)
2026-09-08 03:00:00 [ERROR] disk usage high (req-4089)
2026-09-08 04:00:00 [INFO] user login successful (req-4090)
2026-09-08 05:00:00 [INFO] connection reset by peer (req-4091)
2026-09-08 06:00:00 [INFO] payment gateway timeout (req-4092)
2026-09-08 07:00:00 [INFO] disk usage high (req-4093)
2026-09-08 08:00:00 [ERROR] session expired (req-4094)
2026-09-08 00:00:00 [INFO] connection reset by peer (req-4095)
2026-09-08 01:00:00 [INFO] database query slow (req-4096)
2026-09-08 02:00:00 [ERROR] session expired (req-4097)
2026-09-08 03:00:00 [INFO] disk usage high (req-4098)
2026-09-08 04:00:00 [INFO] payment gateway timeout (req-4099)
2026-09-08 05:00:00 [ERROR] request completed (req-4100)
2026-09-08 06:00:00 [INFO] cache miss on product page (req-4101)
2026-09-08 07:00:00 [WARN] user login successful (req-4102)
2026-09-08 08:00:00 [INFO] connection reset by peer (req-4103)
2026-09-08 00:00:00 [INFO] connection reset by peer (req-4104)
2026-09-08 01:00:00 [INFO] payment gateway timeout (req-4105)
2026-09-08 02:00:00 [INFO] session expired (req-4106)
2026-09-08 03:00:00 [INFO] user login successful (req-4107)
2026-09-08 04:00:00 [INFO] database query slow (req-4108)
2026-09-08 05:00:00 [WARN] cache miss on product page (req-4109)
2026-09-08 06:00:00 [WARN] disk usage high (req-4110)
2026-09-08 07:00:00 [INFO] cache miss on product page (req-4111)
2026-09-08 08:00:00 [INFO] session expired (req-4112)
2026-09-08 00:00:00 [INFO] request completed (req-4113)
2026-09-08 01:00:00 [INFO] database query slow (req-4114)
2026-09-08 02:00:00 [INFO] connection reset by peer (req-4115)
2026-09-08 03:00:00 [INFO] user login successful (req-4116)
2026-09-08 04:00:00 [WARN] session expired (req-4117)
2026-09-08 05:00:00 [INFO] user login successful (req-4118)
2026-09-08 06:00:00 [INFO] session expired (req-4119)
2026-09-08 07:00:00 [INFO] user login successful (req-4120)
2026-09-08 08:00:00 [ERROR] database query slow (req-4121)
2026-09-08 00:00:00 [INFO] cache miss on product page (req-4122)
2026-09-08 01:00:00 [INFO] request completed (req-4123)
2026-09-08 02:00:00 [WARN] user login successful (req-4124)
2026-09-08 03:00:00 [INFO] user login successful (req-4125)
2026-09-08 04:00:00 [INFO] session expired (req-4126)
2026-09-08 05:00:00 [ERROR] connection reset by peer (req-4127)
2026-09-08 06:00:00 [INFO] database query slow (req-4128)
2026-09-08 07:00:00 [INFO] payment gateway timeout (req-4129)
2026-09-08 08:00:00 [WARN] request completed (req-4130)
2026-09-08 00:00:00 [INFO] connection reset by peer (req-4131)
2026-09-08 01:00:00 [INFO] connection reset by peer (req-4132)
2026-09-08 02:00:00 [INFO] database query slow (req-4133)
2026-09-08 03:00:00 [INFO] database query slow (req-4134)
2026-09-08 04:00:00 [INFO] payment gateway timeout (req-4135)
2026-09-08 05:00:00 [INFO] disk usage high (req-4136)
2026-09-08 06:00:00 [INFO] cache miss on product page (req-4137)
2026-09-08 07:00:00 [ERROR] connection reset by peer (req-4138)
2026-09-08 08:00:00 [ERROR] user login successful (req-4139)
2026-09-08 00:00:00 [WARN] cache miss on product page (req-4140)
2026-09-08 01:00:00 [INFO] connection reset by peer (req-4141)
2026-09-08 02:00:00 [INFO] connection reset by peer (req-4142)
2026-09-08 03:00:00 [INFO] user login successful (req-4143)
2026-09-08 04:00:00 [ERROR] cache miss on product page (req-4144)
2026-09-08 05:00:00 [INFO] request completed (req-4145)
2026-09-08 06:00:00 [ERROR] connection reset by peer (req-4146)
2026-09-08 07:00:00 [ERROR] database query slow (req-4147)
2026-09-08 08:00:00 [INFO] database query slow (req-4148)
2026-09-08 00:00:00 [WARN] request completed (req-4149)
2026-09-08 01:00:00 [INFO] connection reset by peer (req-4150)
2026-09-08 02:00:00 [INFO] disk usage high (req-4151)
2026-09-08 03:00:00 [WARN] payment gateway timeout (req-4152)
2026-09-08 04:00:00 [INFO] cache miss on product page (req-4153)
2026-09-08 05:00:00 [INFO] cache miss on product page (req-4154)
2026-09-08 06:00:00 [INFO] payment gateway timeout (req-4155)
2026-09-08 07:00:00 [INFO] cache miss on product page (req-4156)
2026-09-08 08:00:00 [WARN] payment gateway timeout (req-4157)
2026-09-08 00:00:00 [INFO] user login successful (req-4158)
2026-09-08 01:00:00 [INFO] session expired (req-4159)
2026-09-08 02:00:00 [INFO] disk usage high (req-4160)
2026-09-08 03:00:00 [INFO] connection reset by peer (req-4161)
2026-09-08 04:00:00 [INFO] connection reset by peer (req-4162)
2026-09-08 05:00:00 [WARN] request completed (req-4163)
2026-09-08 06:00:00 [INFO] database query slow (req-4164)
2026-09-08 07:00:00 [WARN] user login successful (req-4165)
2026-09-08 08:00:00 [ERROR] disk usage high (req-4166)
2026-09-08 00:00:00 [ERROR] request completed (req-4167)
2026-09-08 01:00:00 [INFO] request completed (req-4168)
2026-09-08 02:00:00 [INFO] payment gateway timeout (req-4169)
2026-09-08 03:00:00 [INFO] disk usage high (req-4170)
2026-09-08 04:00:00 [INFO] payment gateway timeout (req-4171)
2026-09-08 05:00:00 [INFO] user login successful (req-4172)
2026-09-08 06:00:00 [INFO] connection reset by peer (req-4173)
2026-09-08 07:00:00 [INFO] disk usage high (req-4174)
2026-09-08 08:00:00 [WARN] database query slow (req-4175)
2026-09-08 00:00:00 [INFO] database query slow (req-4176)
2026-09-08 01:00:00 [INFO] session expired (req-4177)
2026-09-08 02:00:00 [INFO] session expired (req-4178)
2026-09-08 03:00:00 [INFO] cache miss on product page (req-4179)
2026-09-08 04:00:00 [WARN] session expired (req-4180)
2026-09-08 05:00:00 [INFO] request completed (req-4181)
2026-09-08 06:00:00 [INFO] request completed (req-4182)
2026-09-08 07:00:00 [INFO] user login successful (req-4183)
2026-09-08 08:00:00 [INFO] cache miss on product page (req-4184)
2026-09-08 00:00:00 [INFO] session expired (req-4185)
2026-09-08 01:00:00 [INFO] payment gateway timeout (req-4186)
2026-09-08 02:00:00 [INFO] cache miss on product page (req-4187)
2026-09-08 03:00:00 [WARN] user login successful (req-4188)
2026-09-08 04:00:00 [WARN] connection reset by peer (req-4189)
2026-09-08 05:00:00 [INFO] cache miss on product page (req-4190)
2026-09-08 06:00:00 [INFO] session expired (req-4191)
2026-09-08 07:00:00 [ERROR] payment gateway timeout (req-4192)
2026-09-08 08:00:00 [INFO] session expired (req-4193)
2026-09-08 00:00:00 [WARN] payment gateway timeout (req-4194)
2026-09-08 01:00:00 [WARN] connection reset by peer (req-4195)
2026-09-08 02:00:00 [INFO] request completed (req-4196)
2026-09-08 03:00:00 [INFO] session expired (req-4197)
2026-09-08 04:00:00 [INFO] user login successful (req-4198)
2026-09-08 05:00:00 [INFO] session expired (req-4199)
2026-09-08 06:00:00 [INFO] request completed (req-4200)
2026-09-08 07:00:00 [ERROR] cache miss on product page (req-4201)
2026-09-08 08:00:00 [INFO] payment gateway timeout (req-4202)
2026-09-08 00:00:00 [INFO] request completed (req-4203)
2026-09-08 01:00:00 [INFO] database query slow (req-4204)
2026-09-08 02:00:00 [INFO] connection reset by peer (req-4205)
2026-09-08 03:00:00 [INFO] disk usage high (req-4206)
2026-09-08 04:00:00 [INFO] payment gateway timeout (req-4207)
2026-09-08 05:00:00 [WARN] connection reset by peer (req-4208)
2026-09-08 06:00:00 [INFO] payment gateway timeout (req-4209)
2026-09-08 07:00:00 [INFO] disk usage high (req-4210)
2026-09-08 08:00:00 [INFO] payment gateway timeout (req-4211)
2026-09-08 00:00:00 [WARN] database query slow (req-4212)
2026-09-08 01:00:00 [INFO] connection reset by peer (req-4213)
2026-09-08 02:00:00 [INFO] request completed (req-4214)
2026-09-08 03:00:00 [INFO] connection reset by peer (req-4215)
2026-09-08 04:00:00 [INFO] session expired (req-4216)
2026-09-08 05:00:00 [INFO] disk usage high (req-4217)
2026-09-08 06:00:00 [INFO] connection reset by peer (req-4218)
2026-09-08 07:00:00 [ERROR] session expired (req-4219)
2026-09-08 08:00:00 [INFO] user login successful (req-4220)
2026-09-08 00:00:00 [INFO] disk usage high (req-4221)
2026-09-08 01:00:00 [INFO] payment gateway timeout (req-4222)
2026-09-08 02:00:00 [INFO] user login successful (req-4223)
2026-09-08 03:00:00 [INFO] payment gateway timeout (req-4224)
2026-09-08 04:00:00 [INFO] request completed (req-4225)
2026-09-08 05:00:00 [INFO] connection reset by peer (req-4226)
2026-09-08 06:00:00 [INFO] database query slow (req-4227)
2026-09-08 07:00:00 [INFO] payment gateway timeout (req-4228)
2026-09-08 08:00:00 [INFO] session expired (req-4229)
2026-09-08 00:00:00 [INFO] disk usage high (req-4230)
2026-09-08 01:00:00 [INFO] request completed (req-4231)
2026-09-08 02:00:00 [INFO] user login successful (req-4232)
2026-09-08 03:00:00 [INFO] disk usage high (req-4233)
2026-09-08 04:00:00 [INFO] user login successful (req-4234)
2026-09-08 05:00:00 [INFO] session expired (req-4235)
2026-09-08 06:00:00 [INFO] request completed (req-4236)
2026-09-08 07:00:00 [INFO] user login successful (req-4237)
2026-09-08 08:00:00 [ERROR] request completed (req-4238)
2026-09-08 00:00:00 [INFO] user login successful (req-4239)
2026-09-08 01:00:00 [WARN] disk usage high (req-4240)
2026-09-08 02:00:00 [WARN] request completed (req-4241)
2026-09-08 03:00:00 [INFO] connection reset by peer (req-4242)
2026-09-08 04:00:00 [WARN] session expired (req-4243)
2026-09-08 05:00:00 [INFO] user login successful (req-4244)
2026-09-08 06:00:00 [INFO] payment gateway timeout (req-4245)
2026-09-08 07:00:00 [INFO] request completed (req-4246)
2026-09-08 08:00:00 [INFO] database query slow (req-4247)
2026-09-08 00:00:00 [INFO] disk usage high (req-4248)
2026-09-08 01:00:00 [WARN] connection reset by peer (req-4249)
2026-09-08 02:00:00 [INFO] connection reset by peer (req-4250)
2026-09-08 03:00:00 [INFO] database query slow (req-4251)
2026-09-08 04:00:00 [WARN] database query slow (req-4252)
2026-09-08 05:00:00 [ERROR] payment gateway timeout (req-4253)
2026-09-08 06:00:00 [INFO] cache miss on product page (req-4254)
2026-09-08 07:00:00 [ERROR] connection reset by peer (req-4255)
2026-09-08 08:00:00 [INFO] payment gateway timeout (req-4256)
2026-09-08 00:00:00 [INFO] payment gateway timeout (req-4257)
2026-09-08 01:00:00 [ERROR] connection reset by peer (req-4258)
2026-09-08 02:00:00 [INFO] connection reset by peer (req-4259)
2026-09-08 03:00:00 [INFO] user login successful (req-4260)
2026-09-08 04:00:00 [WARN] session expired (req-4261)
2026-09-08 05:00:00 [INFO] database query slow (req-4262)
2026-09-08 06:00:00 [WARN] user login successful (req-4263)
2026-09-08 07:00:00 [INFO] payment gateway timeout (req-4264)
2026-09-08 08:00:00 [INFO] user login successful (req-4265)
2026-09-08 00:00:00 [WARN] user login successful (req-4266)
2026-09-08 01:00:00 [INFO] request completed (req-4267)
2026-09-08 02:00:00 [ERROR] disk usage high (req-4268)
2026-09-08 03:00:00 [INFO] request completed (req-4269)
2026-09-08 04:00:00 [WARN] user login successful (req-4270)
2026-09-08 05:00:00 [INFO] disk usage high (req-4271)
2026-09-08 06:00:00 [INFO] payment gateway timeout (req-4272)
2026-09-08 07:00:00 [INFO] database query slow (req-4273)
2026-09-08 08:00:00 [ERROR] user login successful (req-4274)
2026-09-08 00:00:00 [ERROR] disk usage high (req-4275)
2026-09-08 01:00:00 [INFO] connection reset by peer (req-4276)
2026-09-08 02:00:00 [INFO] user login successful (req-4277)
2026-09-08 03:00:00 [INFO] request completed (req-4278)
2026-09-08 04:00:00 [WARN] session expired (req-4279)
2026-09-08 05:00:00 [INFO] user login successful (req-4280)
2026-09-08 06:00:00 [INFO] request completed (req-4281)
2026-09-08 07:00:00 [WARN] session expired (req-4282)
2026-09-08 08:00:00 [WARN] database query slow (req-4283)
2026-09-08 00:00:00 [INFO] payment gateway timeout (req-4284)
2026-09-08 01:00:00 [INFO] payment gateway timeout (req-4285)
2026-09-08 02:00:00 [INFO] cache miss on product page (req-4286)
2026-09-08 03:00:00 [ERROR] disk usage high (req-4287)
2026-09-08 04:00:00 [INFO] request completed (req-4288)
2026-09-08 05:00:00 [INFO] session expired (req-4289)
2026-09-08 06:00:00 [WARN] disk usage high (req-4290)
2026-09-08 07:00:00 [INFO] request completed (req-4291)
2026-09-08 08:00:00 [INFO] session expired (req-4292)
2026-09-08 00:00:00 [INFO] cache miss on product page (req-4293)
2026-09-08 01:00:00 [WARN] disk usage high (req-4294)
2026-09-08 02:00:00 [INFO] payment gateway timeout (req-4295)
2026-09-08 03:00:00 [INFO] session expired (req-4296)
2026-09-08 04:00:00 [INFO] connection reset by peer (req-4297)
2026-09-08 05:00:00 [INFO] payment gateway timeout (req-4298)
2026-09-08 06:00:00 [WARN] disk usage high (req-4299)
2026-09-08 07:00:00 [INFO] cache miss on product page (req-4300)
2026-09-08 08:00:00 [INFO] connection reset by peer (req-4301)
2026-09-08 00:00:00 [INFO] session expired (req-4302)
2026-09-08 01:00:00 [INFO] database query slow (req-4303)
2026-09-08 02:00:00 [INFO] database query slow (req-4304)
2026-09-08 03:00:00 [INFO] connection reset by peer (req-4305)
2026-09-08 04:00:00 [INFO] session expired (req-4306)
2026-09-08 05:00:00 [INFO] request completed (req-4307)
2026-09-08 06:00:00 [INFO] cache miss on product page (req-4308)
2026-09-08 07:00:00 [INFO] user login successful (req-4309)
2026-09-08 08:00:00 [INFO] user login successful (req-4310)
2026-09-08 00:00:00 [WARN] user login successful (req-4311)
2026-09-08 01:00:00 [ERROR] connection reset by peer (req-4312)
2026-09-08 02:00:00 [INFO] cache miss on product page (req-4313)
2026-09-08 03:00:00 [INFO] connection reset by peer (req-4314)
2026-09-08 04:00:00 [INFO] database query slow (req-4315)
2026-09-08 05:00:00 [INFO] payment gateway timeout (req-4316)
2026-09-08 06:00:00 [ERROR] cache miss on product page (req-4317)
2026-09-08 07:00:00 [WARN] request completed (req-4318)
2026-09-08 08:00:00 [INFO] user login successful (req-4319)
2026-09-08 00:00:00 [INFO] payment gateway timeout (req-4320)
2026-09-08 01:00:00 [INFO] user login successful (req-4321)
2026-09-08 02:00:00 [WARN] session expired (req-4322)
2026-09-08 03:00:00 [INFO] user login successful (req-4323)
2026-09-08 04:00:00 [INFO] cache miss on product page (req-4324)
2026-09-08 05:00:00 [WARN] connection reset by peer (req-4325)
2026-09-08 06:00:00 [INFO] request completed (req-4326)
2026-09-08 07:00:00 [INFO] user login successful (req-4327)
2026-09-08 08:00:00 [ERROR] request completed (req-4328)
2026-09-08 00:00:00 [WARN] session expired (req-4329)
2026-09-08 01:00:00 [INFO] session expired (req-4330)
2026-09-08 02:00:00 [INFO] connection reset by peer (req-4331)
2026-09-08 03:00:00 [INFO] request completed (req-4332)
2026-09-08 04:00:00 [INFO] connection reset by peer (req-4333)
2026-09-08 05:00:00 [INFO] connection reset by peer (req-4334)
2026-09-08 06:00:00 [ERROR] connection reset by peer (req-4335)
2026-09-08 07:00:00 [INFO] connection reset by peer (req-4336)
2026-09-08 08:00:00 [INFO] request completed (req-4337)
2026-09-08 00:00:00 [INFO] disk usage high (req-4338)
2026-09-08 01:00:00 [INFO] disk usage high (req-4339)
2026-09-08 02:00:00 [INFO] payment gateway timeout (req-4340)
2026-09-08 03:00:00 [INFO] cache miss on product page (req-4341)
2026-09-08 04:00:00 [INFO] database query slow (req-4342)
2026-09-08 05:00:00 [INFO] user login successful (req-4343)
2026-09-08 06:00:00 [INFO] user login successful (req-4344)
2026-09-08 07:00:00 [WARN] user login successful (req-4345)
2026-09-08 08:00:00 [INFO] user login successful (req-4346)
2026-09-08 00:00:00 [INFO] disk usage high (req-4347)
2026-09-08 01:00:00 [INFO] disk usage high (req-4348)
2026-09-08 02:00:00 [INFO] request completed (req-4349)
2026-09-08 03:00:00 [INFO] disk usage high (req-4350)
2026-09-08 04:00:00 [WARN] connection reset by peer (req-4351)
2026-09-08 05:00:00 [WARN] connection reset by peer (req-4352)
2026-09-08 06:00:00 [INFO] disk usage high (req-4353)
2026-09-08 07:00:00 [INFO] connection reset by peer (req-4354)
2026-09-08 08:00:00 [INFO] database query slow (req-4355)
2026-09-08 00:00:00 [INFO] database query slow (req-4356)
2026-09-08 01:00:00 [INFO] session expired (req-4357)
2026-09-08 02:00:00 [INFO] request completed (req-4358)
2026-09-08 03:00:00 [ERROR] cache miss on product page (req-4359)
2026-09-08 04:00:00 [INFO] user login successful (req-4360)
2026-09-08 05:00:00 [ERROR] cache miss on product page (req-4361)
2026-09-08 06:00:00 [INFO] session expired (req-4362)
2026-09-08 07:00:00 [INFO] user login successful (req-4363)
2026-09-08 08:00:00 [INFO] cache miss on product page (req-4364)
2026-09-08 00:00:00 [INFO] connection reset by peer (req-4365)
2026-09-08 01:00:00 [INFO] session expired (req-4366)
2026-09-08 02:00:00 [INFO] cache miss on product page (req-4367)
2026-09-08 03:00:00 [ERROR] request completed (req-4368)
2026-09-08 04:00:00 [ERROR] request completed (req-4369)
2026-09-08 05:00:00 [INFO] request completed (req-4370)
2026-09-08 06:00:00 [INFO] cache miss on product page (req-4371)
2026-09-08 07:00:00 [INFO] disk usage high (req-4372)
2026-09-08 08:00:00 [INFO] disk usage high (req-4373)
2026-09-08 00:00:00 [ERROR] request completed (req-4374)
2026-09-08 01:00:00 [INFO] cache miss on product page (req-4375)
2026-09-08 02:00:00 [WARN] payment gateway timeout (req-4376)
2026-09-08 03:00:00 [INFO] disk usage high (req-4377)
2026-09-08 04:00:00 [INFO] disk usage high (req-4378)
2026-09-08 05:00:00 [INFO] cache miss on product page (req-4379)
2026-09-08 06:00:00 [INFO] cache miss on product page (req-4380)
2026-09-08 07:00:00 [INFO] request completed (req-4381)
2026-09-08 08:00:00 [ERROR] cache miss on product page (req-4382)
2026-09-08 00:00:00 [INFO] cache miss on product page (req-4383)
2026-09-08 01:00:00 [INFO] request completed (req-4384)
2026-09-08 02:00:00 [INFO] request completed (req-4385)
2026-09-08 03:00:00 [INFO] connection reset by peer (req-4386)
2026-09-08 04:00:00 [INFO] database query slow (req-4387)
2026-09-08 05:00:00 [INFO] disk usage high (req-4388)
2026-09-08 06:00:00 [INFO] user login successful (req-4389)
2026-09-08 07:00:00 [INFO] cache miss on product page (req-4390)
2026-09-08 08:00:00 [ERROR] cache miss on product page (req-4391)
2026-09-08 00:00:00 [ERROR] cache miss on product page (req-4392)
2026-09-08 01:00:00 [INFO] session expired (req-4393)
2026-09-08 02:00:00 [INFO] payment gateway timeout (req-4394)
2026-09-08 03:00:00 [INFO] database query slow (req-4395)
2026-09-08 04:00:00 [INFO] session expired (req-4396)
2026-09-08 05:00:00 [INFO] payment gateway timeout (req-4397)
2026-09-08 06:00:00 [WARN] session expired (req-4398)
2026-09-08 07:00:00 [WARN] connection reset by peer (req-4399)
2026-09-08 08:00:00 [INFO] payment gateway timeout (req-4400)
2026-09-08 00:00:00 [INFO] connection reset by peer (req-4401)
2026-09-08 01:00:00 [INFO] cache miss on product page (req-4402)
2026-09-08 02:00:00 [ERROR] database query slow (req-4403)
2026-09-08 03:00:00 [INFO] disk usage high (req-4404)
2026-09-08 04:00:00 [ERROR] connection reset by peer (req-4405)
2026-09-08 05:00:00 [INFO] payment gateway timeout (req-4406)
2026-09-08 06:00:00 [ERROR] cache miss on product page (req-4407)
2026-09-08 07:00:00 [INFO] request completed (req-4408)
2026-09-08 08:00:00 [INFO] disk usage high (req-4409)
2026-09-08 00:00:00 [INFO] disk usage high (req-4410)
2026-09-08 01:00:00 [INFO] payment gateway timeout (req-4411)
2026-09-08 02:00:00 [INFO] request completed (req-4412)
2026-09-08 03:00:00 [INFO] connection reset by peer (req-4413)
2026-09-08 04:00:00 [ERROR] database query slow (req-4414)
2026-09-08 05:00:00 [INFO] disk usage high (req-4415)
2026-09-08 06:00:00 [INFO] cache miss on product page (req-4416)
2026-09-08 07:00:00 [WARN] connection reset by peer (req-4417)
2026-09-08 08:00:00 [INFO] session expired (req-4418)
2026-09-08 00:00:00 [WARN] user login successful (req-4419)
2026-09-08 01:00:00 [INFO] session expired (req-4420)
2026-09-08 02:00:00 [INFO] session expired (req-4421)
2026-09-08 03:00:00 [INFO] payment gateway timeout (req-4422)
2026-09-08 04:00:00 [INFO] disk usage high (req-4423)
2026-09-08 05:00:00 [ERROR] request completed (req-4424)
2026-09-08 06:00:00 [INFO] request completed (req-4425)
2026-09-08 07:00:00 [WARN] cache miss on product page (req-4426)
2026-09-08 08:00:00 [INFO] payment gateway timeout (req-4427)
2026-09-08 00:00:00 [INFO] user login successful (req-4428)
2026-09-08 01:00:00 [ERROR] database query slow (req-4429)
2026-09-08 02:00:00 [INFO] payment gateway timeout (req-4430)
2026-09-08 03:00:00 [WARN] session expired (req-4431)
2026-09-08 04:00:00 [INFO] payment gateway timeout (req-4432)
2026-09-08 05:00:00 [ERROR] database query slow (req-4433)
2026-09-08 06:00:00 [INFO] database query slow (req-4434)
2026-09-08 07:00:00 [ERROR] disk usage high (req-4435)
2026-09-08 08:00:00 [INFO] database query slow (req-4436)
2026-09-08 00:00:00 [INFO] connection reset by peer (req-4437)
2026-09-08 01:00:00 [INFO] database query slow (req-4438)
2026-09-08 02:00:00 [INFO] payment gateway timeout (req-4439)
2026-09-08 03:00:00 [ERROR] user login successful (req-4440)
2026-09-08 04:00:00 [ERROR] payment gateway timeout (req-4441)
2026-09-08 05:00:00 [WARN] cache miss on product page (req-4442)
2026-09-08 06:00:00 [INFO] disk usage high (req-4443)
2026-09-08 07:00:00 [ERROR] request completed (req-4444)
2026-09-08 08:00:00 [INFO] cache miss on product page (req-4445)
2026-09-08 00:00:00 [INFO] user login successful (req-4446)
2026-09-08 01:00:00 [INFO] connection reset by peer (req-4447)
2026-09-08 02:00:00 [INFO] cache miss on product page (req-4448)
2026-09-08 03:00:00 [INFO] payment gateway timeout (req-4449)
2026-09-08 04:00:00 [ERROR] disk usage high (req-4450)
2026-09-08 05:00:00 [WARN] user login successful (req-4451)
2026-09-08 06:00:00 [INFO] cache miss on product page (req-4452)
2026-09-08 07:00:00 [INFO] connection reset by peer (req-4453)
2026-09-08 08:00:00 [INFO] request completed (req-4454)
2026-09-08 00:00:00 [INFO] cache miss on product page (req-4455)
2026-09-08 01:00:00 [WARN] database query slow (req-4456)
2026-09-08 02:00:00 [INFO] session expired (req-4457)
2026-09-08 03:00:00 [INFO] disk usage high (req-4458)
2026-09-08 04:00:00 [INFO] disk usage high (req-4459)
2026-09-08 05:00:00 [INFO] database query slow (req-4460)
2026-09-08 06:00:00 [INFO] disk usage high (req-4461)
2026-09-08 07:00:00 [INFO] session expired (req-4462)
2026-09-08 08:00:00 [INFO] session expired (req-4463)
2026-09-08 00:00:00 [WARN] database query slow (req-4464)
2026-09-08 01:00:00 [INFO] disk usage high (req-4465)
2026-09-08 02:00:00 [INFO] cache miss on product page (req-4466)
2026-09-08 03:00:00 [INFO] user login successful (req-4467)
2026-09-08 04:00:00 [INFO] disk usage high (req-4468)
2026-09-08 05:00:00 [INFO] database query slow (req-4469)
2026-09-08 06:00:00 [INFO] user login successful (req-4470)
2026-09-08 07:00:00 [INFO] database query slow (req-4471)
2026-09-08 08:00:00 [ERROR] payment gateway timeout (req-4472)
2026-09-08 00:00:00 [INFO] user login successful (req-4473)
2026-09-08 01:00:00 [ERROR] disk usage high (req-4474)
2026-09-08 02:00:00 [INFO] disk usage high (req-4475)
2026-09-08 03:00:00 [ERROR] user login successful (req-4476)
2026-09-08 04:00:00 [INFO] request completed (req-4477)
2026-09-08 05:00:00 [INFO] session expired (req-4478)
2026-09-08 06:00:00 [ERROR] database query slow (req-4479)
2026-09-08 07:00:00 [INFO] user login successful (req-4480)
2026-09-08 08:00:00 [INFO] database query slow (req-4481)
2026-09-08 00:00:00 [INFO] connection reset by peer (req-4482)
2026-09-08 01:00:00 [INFO] database query slow (req-4483)
2026-09-08 02:00:00 [INFO] session expired (req-4484)
2026-09-08 03:00:00 [WARN] cache miss on product page (req-4485)
2026-09-08 04:00:00 [INFO] session expired (req-4486)
2026-09-08 05:00:00 [INFO] cache miss on product page (req-4487)
2026-09-08 06:00:00 [INFO] database query slow (req-4488)
2026-09-08 07:00:00 [INFO] connection reset by peer (req-4489)
2026-09-08 08:00:00 [INFO] connection reset by peer (req-4490)
2026-09-08 00:00:00 [INFO] payment gateway timeout (req-4491)
2026-09-08 01:00:00 [INFO] disk usage high (req-4492)
2026-09-08 02:00:00 [INFO] disk usage high (req-4493)
2026-09-08 03:00:00 [INFO] disk usage high (req-4494)
2026-09-08 04:00:00 [INFO] request completed (req-4495)
2026-09-08 05:00:00 [INFO] request completed (req-4496)
2026-09-08 06:00:00 [INFO] user login successful (req-4497)
2026-09-08 07:00:00 [INFO] request completed (req-4498)
2026-09-08 08:00:00 [INFO] request completed (req-4499)
2026-09-08 00:00:00 [INFO] connection reset by peer (req-4500)
2026-09-08 01:00:00 [INFO] connection reset by peer (req-4501)
2026-09-08 02:00:00 [INFO] database query slow (req-4502)
2026-09-08 03:00:00 [INFO] connection reset by peer (req-4503)
2026-09-08 04:00:00 [INFO] session expired (req-4504)
2026-09-08 05:00:00 [INFO] user login successful (req-4505)
2026-09-08 06:00:00 [WARN] disk usage high (req-4506)
2026-09-08 07:00:00 [INFO] request completed (req-4507)
2026-09-08 08:00:00 [WARN] database query slow (req-4508)
2026-09-08 00:00:00 [INFO] payment gateway timeout (req-4509)
2026-09-08 01:00:00 [ERROR] database query slow (req-4510)
2026-09-08 02:00:00 [INFO] database query slow (req-4511)
2026-09-08 03:00:00 [INFO] cache miss on product page (req-4512)
2026-09-08 04:00:00 [INFO] cache miss on product page (req-4513)
2026-09-08 05:00:00 [INFO] payment gateway timeout (req-4514)
2026-09-08 06:00:00 [INFO] payment gateway timeout (req-4515)
2026-09-08 07:00:00 [INFO] user login successful (req-4516)
2026-09-08 08:00:00 [WARN] request completed (req-4517)
2026-09-08 00:00:00 [ERROR] disk usage high (req-4518)
2026-09-08 01:00:00 [INFO] disk usage high (req-4519)
2026-09-08 02:00:00 [INFO] connection reset by peer (req-4520)
2026-09-08 03:00:00 [INFO] user login successful (req-4521)
2026-09-08 04:00:00 [WARN] disk usage high (req-4522)
2026-09-08 05:00:00 [INFO] disk usage high (req-4523)
2026-09-08 06:00:00 [INFO] disk usage high (req-4524)
2026-09-08 07:00:00 [WARN] request completed (req-4525)
2026-09-08 08:00:00 [INFO] cache miss on product page (req-4526)
2026-09-08 00:00:00 [INFO] request completed (req-4527)
2026-09-08 01:00:00 [INFO] disk usage high (req-4528)
2026-09-08 02:00:00 [INFO] disk usage high (req-4529)
2026-09-08 03:00:00 [INFO] cache miss on product page (req-4530)
2026-09-08 04:00:00 [INFO] session expired (req-4531)
2026-09-08 05:00:00 [INFO] connection reset by peer (req-4532)
2026-09-08 06:00:00 [INFO] session expired (req-4533)
2026-09-08 07:00:00 [INFO] request completed (req-4534)
2026-09-08 08:00:00 [INFO] user login successful (req-4535)
2026-09-08 00:00:00 [INFO] user login successful (req-4536)
2026-09-08 01:00:00 [INFO] payment gateway timeout (req-4537)
2026-09-08 02:00:00 [INFO] connection reset by peer (req-4538)
2026-09-08 03:00:00 [INFO] database query slow (req-4539)
2026-09-08 04:00:00 [WARN] user login successful (req-4540)
2026-09-08 05:00:00 [INFO] session expired (req-4541)
2026-09-08 06:00:00 [INFO] database query slow (req-4542)
2026-09-08 07:00:00 [INFO] user login successful (req-4543)
2026-09-08 08:00:00 [ERROR] disk usage high (req-4544)
2026-09-08 00:00:00 [INFO] payment gateway timeout (req-4545)
2026-09-08 01:00:00 [INFO] payment gateway timeout (req-4546)
2026-09-08 02:00:00 [INFO] connection reset by peer (req-4547)
2026-09-08 03:00:00 [INFO] disk usage high (req-4548)
2026-09-08 04:00:00 [INFO] session expired (req-4549)
2026-09-08 05:00:00 [INFO] connection reset by peer (req-4550)
2026-09-08 06:00:00 [INFO] payment gateway timeout (req-4551)
2026-09-08 07:00:00 [INFO] disk usage high (req-4552)
2026-09-08 08:00:00 [INFO] connection reset by peer (req-4553)
2026-09-08 00:00:00 [INFO] session expired (req-4554)
2026-09-08 01:00:00 [INFO] user login successful (req-4555)
2026-09-08 02:00:00 [INFO] cache miss on product page (req-4556)
2026-09-08 03:00:00 [INFO] user login successful (req-4557)
2026-09-08 04:00:00 [INFO] database query slow (req-4558)
2026-09-08 05:00:00 [INFO] request completed (req-4559)
2026-09-08 06:00:00 [INFO] payment gateway timeout (req-4560)
2026-09-08 07:00:00 [INFO] payment gateway timeout (req-4561)
2026-09-08 08:00:00 [INFO] user login successful (req-4562)
2026-09-08 00:00:00 [INFO] cache miss on product page (req-4563)
2026-09-08 01:00:00 [INFO] connection reset by peer (req-4564)
2026-09-08 02:00:00 [INFO] connection reset by peer (req-4565)
2026-09-08 03:00:00 [INFO] user login successful (req-4566)
2026-09-08 04:00:00 [INFO] database query slow (req-4567)
2026-09-08 05:00:00 [INFO] connection reset by peer (req-4568)
2026-09-08 06:00:00 [INFO] request completed (req-4569)
2026-09-08 07:00:00 [INFO] user login successful (req-4570)
2026-09-08 08:00:00 [INFO] user login successful (req-4571)
2026-09-08 00:00:00 [INFO] request completed (req-4572)
2026-09-08 01:00:00 [INFO] disk usage high (req-4573)
2026-09-08 02:00:00 [INFO] user login successful (req-4574)
2026-09-08 03:00:00 [INFO] cache miss on product page (req-4575)
2026-09-08 04:00:00 [INFO] database query slow (req-4576)
2026-09-08 05:00:00 [ERROR] user login successful (req-4577)
2026-09-08 06:00:00 [WARN] cache miss on product page (req-4578)
2026-09-08 07:00:00 [ERROR] cache miss on product page (req-4579)
2026-09-08 08:00:00 [INFO] session expired (req-4580)
2026-09-08 00:00:00 [INFO] disk usage high (req-4581)
2026-09-08 01:00:00 [INFO] session expired (req-4582)
2026-09-08 02:00:00 [INFO] user login successful (req-4583)
2026-09-08 03:00:00 [INFO] connection reset by peer (req-4584)
2026-09-08 04:00:00 [INFO] connection reset by peer (req-4585)
2026-09-08 05:00:00 [INFO] cache miss on product page (req-4586)
2026-09-08 06:00:00 [INFO] session expired (req-4587)
2026-09-08 07:00:00 [WARN] database query slow (req-4588)
2026-09-08 08:00:00 [INFO] request completed (req-4589)
2026-09-08 00:00:00 [INFO] request completed (req-4590)
2026-09-08 01:00:00 [INFO] session expired (req-4591)
2026-09-08 02:00:00 [ERROR] user login successful (req-4592)
2026-09-08 03:00:00 [INFO] session expired (req-4593)
2026-09-08 04:00:00 [ERROR] connection reset by peer (req-4594)
2026-09-08 05:00:00 [INFO] request completed (req-4595)
2026-09-08 06:00:00 [INFO] cache miss on product page (req-4596)
2026-09-08 07:00:00 [INFO] connection reset by peer (req-4597)
2026-09-08 08:00:00 [INFO] connection reset by peer (req-4598)
2026-09-08 00:00:00 [INFO] cache miss on product page (req-4599)
2026-09-08 01:00:00 [INFO] cache miss on product page (req-4600)
2026-09-08 02:00:00 [INFO] request completed (req-4601)
2026-09-08 03:00:00 [ERROR] disk usage high (req-4602)
2026-09-08 04:00:00 [INFO] request completed (req-4603)
2026-09-08 05:00:00 [WARN] connection reset by peer (req-4604)
2026-09-08 06:00:00 [INFO] request completed (req-4605)
2026-09-08 07:00:00 [INFO] connection reset by peer (req-4606)
2026-09-08 08:00:00 [WARN] user login successful (req-4607)
2026-09-08 00:00:00 [INFO] user login successful (req-4608)
2026-09-08 01:00:00 [INFO] user login successful (req-4609)
2026-09-08 02:00:00 [INFO] user login successful (req-4610)
2026-09-08 03:00:00 [INFO] connection reset by peer (req-4611)
2026-09-08 04:00:00 [INFO] disk usage high (req-4612)
2026-09-08 05:00:00 [INFO] request completed (req-4613)
2026-09-08 06:00:00 [INFO] connection reset by peer (req-4614)
2026-09-08 07:00:00 [INFO] user login successful (req-4615)
2026-09-08 08:00:00 [INFO] request completed (req-4616)
2026-09-08 00:00:00 [INFO] connection reset by peer (req-4617)
2026-09-08 01:00:00 [INFO] payment gateway timeout (req-4618)
2026-09-08 02:00:00 [INFO] connection reset by peer (req-4619)
2026-09-08 03:00:00 [INFO] session expired (req-4620)
2026-09-08 04:00:00 [INFO] payment gateway timeout (req-4621)
2026-09-08 05:00:00 [INFO] session expired (req-4622)
2026-09-08 06:00:00 [INFO] database query slow (req-4623)
2026-09-08 07:00:00 [INFO] database query slow (req-4624)
2026-09-08 08:00:00 [INFO] user login successful (req-4625)
2026-09-08 00:00:00 [WARN] user login successful (req-4626)
2026-09-08 01:00:00 [INFO] request completed (req-4627)
2026-09-08 02:00:00 [ERROR] connection reset by peer (req-4628)
2026-09-08 03:00:00 [ERROR] cache miss on product page (req-4629)
2026-09-08 04:00:00 [INFO] disk usage high (req-4630)
2026-09-08 05:00:00 [ERROR] user login successful (req-4631)
2026-09-08 06:00:00 [WARN] cache miss on product page (req-4632)
2026-09-08 07:00:00 [INFO] payment gateway timeout (req-4633)
2026-09-08 08:00:00 [INFO] user login successful (req-4634)
2026-09-08 00:00:00 [INFO] session expired (req-4635)
2026-09-08 01:00:00 [ERROR] payment gateway timeout (req-4636)
2026-09-08 02:00:00 [INFO] session expired (req-4637)
2026-09-08 03:00:00 [INFO] database query slow (req-4638)
2026-09-08 04:00:00 [INFO] connection reset by peer (req-4639)
2026-09-08 05:00:00 [INFO] session expired (req-4640)
2026-09-08 06:00:00 [INFO] cache miss on product page (req-4641)
2026-09-08 07:00:00 [WARN] payment gateway timeout (req-4642)
2026-09-08 08:00:00 [WARN] session expired (req-4643)
2026-09-08 00:00:00 [INFO] payment gateway timeout (req-4644)
2026-09-08 01:00:00 [INFO] cache miss on product page (req-4645)
2026-09-08 02:00:00 [INFO] payment gateway timeout (req-4646)
2026-09-08 03:00:00 [ERROR] request completed (req-4647)
2026-09-08 04:00:00 [INFO] connection reset by peer (req-4648)
2026-09-08 05:00:00 [INFO] disk usage high (req-4649)
2026-09-08 06:00:00 [INFO] payment gateway timeout (req-4650)
2026-09-08 07:00:00 [INFO] user login successful (req-4651)
2026-09-08 08:00:00 [INFO] cache miss on product page (req-4652)
2026-09-08 00:00:00 [WARN] connection reset by peer (req-4653)
2026-09-08 01:00:00 [INFO] connection reset by peer (req-4654)
2026-09-08 02:00:00 [WARN] user login successful (req-4655)
2026-09-08 03:00:00 [ERROR] request completed (req-4656)
2026-09-08 04:00:00 [INFO] disk usage high (req-4657)
2026-09-08 05:00:00 [INFO] user login successful (req-4658)
2026-09-08 06:00:00 [INFO] disk usage high (req-4659)
2026-09-08 07:00:00 [INFO] connection reset by peer (req-4660)
2026-09-08 08:00:00 [INFO] disk usage high (req-4661)
2026-09-08 00:00:00 [INFO] payment gateway timeout (req-4662)
2026-09-08 01:00:00 [INFO] disk usage high (req-4663)
2026-09-08 02:00:00 [ERROR] database query slow (req-4664)
2026-09-08 03:00:00 [INFO] database query slow (req-4665)
2026-09-08 04:00:00 [ERROR] user login successful (req-4666)
2026-09-08 05:00:00 [INFO] session expired (req-4667)
2026-09-08 06:00:00 [INFO] request completed (req-4668)
2026-09-08 07:00:00 [INFO] cache miss on product page (req-4669)
2026-09-08 08:00:00 [INFO] user login successful (req-4670)
2026-09-08 00:00:00 [ERROR] user login successful (req-4671)
2026-09-08 01:00:00 [INFO] database query slow (req-4672)
2026-09-08 02:00:00 [INFO] connection reset by peer (req-4673)
2026-09-08 03:00:00 [WARN] payment gateway timeout (req-4674)
2026-09-08 04:00:00 [INFO] user login successful (req-4675)
2026-09-08 05:00:00 [INFO] connection reset by peer (req-4676)
2026-09-08 06:00:00 [ERROR] user login successful (req-4677)
2026-09-08 07:00:00 [INFO] session expired (req-4678)
2026-09-08 08:00:00 [INFO] payment gateway timeout (req-4679)
2026-09-08 00:00:00 [INFO] request completed (req-4680)
2026-09-08 01:00:00 [INFO] request completed (req-4681)
2026-09-08 02:00:00 [INFO] database query slow (req-4682)
2026-09-08 03:00:00 [WARN] disk usage high (req-4683)
2026-09-08 04:00:00 [WARN] request completed (req-4684)
2026-09-08 05:00:00 [ERROR] disk usage high (req-4685)
2026-09-08 06:00:00 [ERROR] connection reset by peer (req-4686)
2026-09-08 07:00:00 [INFO] disk usage high (req-4687)
2026-09-08 08:00:00 [INFO] connection reset by peer (req-4688)
2026-09-08 00:00:00 [ERROR] session expired (req-4689)
2026-09-08 01:00:00 [ERROR] disk usage high (req-4690)
2026-09-08 02:00:00 [ERROR] user login successful (req-4691)
2026-09-08 03:00:00 [INFO] cache miss on product page (req-4692)
2026-09-08 04:00:00 [INFO] request completed (req-4693)
2026-09-08 05:00:00 [INFO] disk usage high (req-4694)
2026-09-08 06:00:00 [INFO] disk usage high (req-4695)
2026-09-08 07:00:00 [INFO] user login successful (req-4696)
2026-09-08 08:00:00 [INFO] connection reset by peer (req-4697)
2026-09-08 00:00:00 [INFO] user login successful (req-4698)
2026-09-08 01:00:00 [INFO] cache miss on product page (req-4699)
2026-09-08 02:00:00 [WARN] connection reset by peer (req-4700)
2026-09-08 03:00:00 [INFO] connection reset by peer (req-4701)
2026-09-08 04:00:00 [ERROR] payment gateway timeout (req-4702)
2026-09-08 05:00:00 [INFO] session expired (req-4703)
2026-09-08 06:00:00 [INFO] disk usage high (req-4704)
2026-09-08 07:00:00 [INFO] session expired (req-4705)
2026-09-08 08:00:00 [INFO] disk usage high (req-4706)
2026-09-08 00:00:00 [INFO] request completed (req-4707)
2026-09-08 01:00:00 [WARN] database query slow (req-4708)
2026-09-08 02:00:00 [INFO] connection reset by peer (req-4709)
2026-09-08 03:00:00 [WARN] connection reset by peer (req-4710)
2026-09-08 04:00:00 [INFO] request completed (req-4711)
2026-09-08 05:00:00 [ERROR] request completed (req-4712)
2026-09-08 06:00:00 [INFO] user login successful (req-4713)
2026-09-08 07:00:00 [INFO] disk usage high (req-4714)
2026-09-08 08:00:00 [WARN] database query slow (req-4715)
2026-09-08 00:00:00 [INFO] session expired (req-4716)
2026-09-08 01:00:00 [INFO] user login successful (req-4717)
2026-09-08 02:00:00 [INFO] disk usage high (req-4718)
2026-09-08 03:00:00 [INFO] request completed (req-4719)
2026-09-08 04:00:00 [INFO] database query slow (req-4720)
2026-09-08 05:00:00 [INFO] session expired (req-4721)
2026-09-08 06:00:00 [ERROR] session expired (req-4722)
2026-09-08 07:00:00 [INFO] cache miss on product page (req-4723)
2026-09-08 08:00:00 [INFO] session expired (req-4724)
2026-09-08 00:00:00 [INFO] cache miss on product page (req-4725)
2026-09-08 01:00:00 [ERROR] database query slow (req-4726)
2026-09-08 02:00:00 [INFO] database query slow (req-4727)
2026-09-08 03:00:00 [INFO] payment gateway timeout (req-4728)
2026-09-08 04:00:00 [WARN] request completed (req-4729)
2026-09-08 05:00:00 [INFO] payment gateway timeout (req-4730)
2026-09-08 06:00:00 [INFO] request completed (req-4731)
2026-09-08 07:00:00 [INFO] user login successful (req-4732)
2026-09-08 08:00:00 [INFO] session expired (req-4733)
2026-09-08 00:00:00 [INFO] request completed (req-4734)
2026-09-08 01:00:00 [INFO] disk usage high (req-4735)
2026-09-08 02:00:00 [INFO] disk usage high (req-4736)
2026-09-08 03:00:00 [WARN] connection reset by peer (req-4737)
2026-09-08 04:00:00 [INFO] session expired (req-4738)
2026-09-08 05:00:00 [INFO] payment gateway timeout (req-4739)
2026-09-08 06:00:00 [INFO] connection reset by peer (req-4740)
2026-09-08 07:00:00 [WARN] request completed (req-4741)
2026-09-08 08:00:00 [INFO] payment gateway timeout (req-4742)
2026-09-08 00:00:00 [WARN] user login successful (req-4743)
2026-09-08 01:00:00 [ERROR] session expired (req-4744)
2026-09-08 02:00:00 [INFO] session expired (req-4745)
2026-09-08 03:00:00 [INFO] disk usage high (req-4746)
2026-09-08 04:00:00 [INFO] session expired (req-4747)
2026-09-08 05:00:00 [INFO] database query slow (req-4748)
2026-09-08 06:00:00 [WARN] request completed (req-4749)
2026-09-08 07:00:00 [WARN] disk usage high (req-4750)
2026-09-08 08:00:00 [INFO] database query slow (req-4751)
2026-09-08 00:00:00 [WARN] cache miss on product page (req-4752)
2026-09-08 01:00:00 [INFO] payment gateway timeout (req-4753)
2026-09-08 02:00:00 [INFO] cache miss on product page (req-4754)
2026-09-08 03:00:00 [ERROR] disk usage high (req-4755)
2026-09-08 04:00:00 [INFO] user login successful (req-4756)
2026-09-08 05:00:00 [INFO] request completed (req-4757)
2026-09-08 06:00:00 [WARN] session expired (req-4758)
2026-09-08 07:00:00 [INFO] request completed (req-4759)
2026-09-08 08:00:00 [INFO] database query slow (req-4760)
2026-09-08 00:00:00 [INFO] cache miss on product page (req-4761)
2026-09-08 01:00:00 [ERROR] database query slow (req-4762)
2026-09-08 02:00:00 [INFO] payment gateway timeout (req-4763)
2026-09-08 03:00:00 [INFO] payment gateway timeout (req-4764)
2026-09-08 04:00:00 [INFO] payment gateway timeout (req-4765)
2026-09-08 05:00:00 [INFO] payment gateway timeout (req-4766)
2026-09-08 06:00:00 [INFO] session expired (req-4767)
2026-09-08 07:00:00 [WARN] session expired (req-4768)
2026-09-08 08:00:00 [INFO] payment gateway timeout (req-4769)
2026-09-08 00:00:00 [ERROR] payment gateway timeout (req-4770)
2026-09-08 01:00:00 [INFO] user login successful (req-4771)
2026-09-08 02:00:00 [INFO] disk usage high (req-4772)
2026-09-08 03:00:00 [WARN] disk usage high (req-4773)
2026-09-08 04:00:00 [INFO] request completed (req-4774)
2026-09-08 05:00:00 [INFO] disk usage high (req-4775)
2026-09-08 06:00:00 [INFO] cache miss on product page (req-4776)
2026-09-08 07:00:00 [INFO] user login successful (req-4777)
2026-09-08 08:00:00 [INFO] payment gateway timeout (req-4778)
2026-09-08 00:00:00 [INFO] connection reset by peer (req-4779)
2026-09-08 01:00:00 [ERROR] request completed (req-4780)
2026-09-08 02:00:00 [INFO] connection reset by peer (req-4781)
2026-09-08 03:00:00 [INFO] request completed (req-4782)
2026-09-08 04:00:00 [INFO] payment gateway timeout (req-4783)
2026-09-08 05:00:00 [WARN] request completed (req-4784)
2026-09-08 06:00:00 [INFO] database query slow (req-4785)
2026-09-08 07:00:00 [ERROR] cache miss on product page (req-4786)
2026-09-08 08:00:00 [ERROR] database query slow (req-4787)
2026-09-08 00:00:00 [WARN] user login successful (req-4788)
2026-09-08 01:00:00 [INFO] connection reset by peer (req-4789)
2026-09-08 02:00:00 [INFO] payment gateway timeout (req-4790)
2026-09-08 03:00:00 [INFO] cache miss on product page (req-4791)
2026-09-08 04:00:00 [INFO] cache miss on product page (req-4792)
2026-09-08 05:00:00 [INFO] user login successful (req-4793)
2026-09-08 06:00:00 [INFO] cache miss on product page (req-4794)
2026-09-08 07:00:00 [INFO] database query slow (req-4795)
2026-09-08 08:00:00 [INFO] disk usage high (req-4796)
2026-09-08 00:00:00 [INFO] request completed (req-4797)
2026-09-08 01:00:00 [INFO] cache miss on product page (req-4798)
2026-09-08 02:00:00 [WARN] request completed (req-4799)
2026-09-08 03:00:00 [WARN] database query slow (req-4800)
2026-09-08 04:00:00 [INFO] request completed (req-4801)
2026-09-08 05:00:00 [INFO] request completed (req-4802)
2026-09-08 06:00:00 [INFO] request completed (req-4803)
2026-09-08 07:00:00 [WARN] database query slow (req-4804)
2026-09-08 08:00:00 [WARN] payment gateway timeout (req-4805)
2026-09-08 00:00:00 [WARN] disk usage high (req-4806)
2026-09-08 01:00:00 [ERROR] connection reset by peer (req-4807)
2026-09-08 02:00:00 [INFO] connection reset by peer (req-4808)
2026-09-08 03:00:00 [INFO] database query slow (req-4809)
2026-09-08 04:00:00 [INFO] request completed (req-4810)
2026-09-08 05:00:00 [INFO] session expired (req-4811)
2026-09-08 06:00:00 [INFO] payment gateway timeout (req-4812)
2026-09-08 07:00:00 [INFO] cache miss on product page (req-4813)
2026-09-08 08:00:00 [INFO] payment gateway timeout (req-4814)
2026-09-08 00:00:00 [INFO] database query slow (req-4815)
2026-09-08 01:00:00 [ERROR] user login successful (req-4816)
2026-09-08 02:00:00 [INFO] database query slow (req-4817)
2026-09-08 03:00:00 [ERROR] user login successful (req-4818)
2026-09-08 04:00:00 [WARN] session expired (req-4819)
2026-09-08 05:00:00 [INFO] payment gateway timeout (req-4820)
2026-09-08 06:00:00 [INFO] cache miss on product page (req-4821)
2026-09-08 07:00:00 [INFO] payment gateway timeout (req-4822)
2026-09-08 08:00:00 [INFO] connection reset by peer (req-4823)
2026-09-08 00:00:00 [INFO] user login successful (req-4824)
2026-09-08 01:00:00 [INFO] user login successful (req-4825)
2026-09-08 02:00:00 [INFO] request completed (req-4826)
2026-09-08 03:00:00 [INFO] connection reset by peer (req-4827)
2026-09-08 04:00:00 [WARN] payment gateway timeout (req-4828)
2026-09-08 05:00:00 [INFO] disk usage high (req-4829)
2026-09-08 06:00:00 [INFO] disk usage high (req-4830)
2026-09-08 07:00:00 [INFO] payment gateway timeout (req-4831)
2026-09-08 08:00:00 [INFO] session expired (req-4832)
2026-09-08 00:00:00 [INFO] payment gateway timeout (req-4833)
2026-09-08 01:00:00 [INFO] database query slow (req-4834)
2026-09-08 02:00:00 [WARN] disk usage high (req-4835)
2026-09-08 03:00:00 [ERROR] request completed (req-4836)
2026-09-08 04:00:00 [INFO] database query slow (req-4837)
2026-09-08 05:00:00 [INFO] connection reset by peer (req-4838)
2026-09-08 06:00:00 [INFO] payment gateway timeout (req-4839)
2026-09-08 07:00:00 [WARN] cache miss on product page (req-4840)
2026-09-08 08:00:00 [INFO] payment gateway timeout (req-4841)
2026-09-08 00:00:00 [INFO] cache miss on product page (req-4842)
2026-09-08 01:00:00 [INFO] user login successful (req-4843)
2026-09-08 02:00:00 [INFO] payment gateway timeout (req-4844)
2026-09-08 03:00:00 [INFO] connection reset by peer (req-4845)
2026-09-08 04:00:00 [INFO] connection reset by peer (req-4846)
2026-09-08 05:00:00 [INFO] user login successful (req-4847)
2026-09-08 06:00:00 [WARN] database query slow (req-4848)
2026-09-08 07:00:00 [INFO] cache miss on product page (req-4849)
2026-09-08 08:00:00 [INFO] disk usage high (req-4850)
2026-09-08 00:00:00 [INFO] disk usage high (req-4851)
2026-09-08 01:00:00 [INFO] session expired (req-4852)
2026-09-08 02:00:00 [INFO] database query slow (req-4853)
2026-09-08 03:00:00 [INFO] session expired (req-4854)
2026-09-08 04:00:00 [INFO] payment gateway timeout (req-4855)
2026-09-08 05:00:00 [WARN] connection reset by peer (req-4856)
2026-09-08 06:00:00 [INFO] payment gateway timeout (req-4857)
2026-09-08 07:00:00 [WARN] payment gateway timeout (req-4858)
2026-09-08 08:00:00 [INFO] payment gateway timeout (req-4859)
2026-09-08 00:00:00 [ERROR] request completed (req-4860)
2026-09-08 01:00:00 [WARN] user login successful (req-4861)
2026-09-08 02:00:00 [ERROR] cache miss on product page (req-4862)
2026-09-08 03:00:00 [INFO] request completed (req-4863)
2026-09-08 04:00:00 [INFO] database query slow (req-4864)
2026-09-08 05:00:00 [INFO] disk usage high (req-4865)
2026-09-08 06:00:00 [INFO] user login successful (req-4866)
2026-09-08 07:00:00 [INFO] database query slow (req-4867)
2026-09-08 08:00:00 [INFO] disk usage high (req-4868)
2026-09-08 00:00:00 [INFO] request completed (req-4869)
2026-09-08 01:00:00 [INFO] request completed (req-4870)
2026-09-08 02:00:00 [WARN] request completed (req-4871)
2026-09-08 03:00:00 [WARN] request completed (req-4872)
2026-09-08 04:00:00 [INFO] disk usage high (req-4873)
2026-09-08 05:00:00 [INFO] connection reset by peer (req-4874)
2026-09-08 06:00:00 [ERROR] user login successful (req-4875)
2026-09-08 07:00:00 [ERROR] user login successful (req-4876)
2026-09-08 08:00:00 [INFO] cache miss on product page (req-4877)
2026-09-08 00:00:00 [INFO] disk usage high (req-4878)
2026-09-08 01:00:00 [ERROR] connection reset by peer (req-4879)
2026-09-08 02:00:00 [INFO] cache miss on product page (req-4880)
2026-09-08 03:00:00 [INFO] connection reset by peer (req-4881)
2026-09-08 04:00:00 [WARN] cache miss on product page (req-4882)
2026-09-08 05:00:00 [INFO] user login successful (req-4883)
2026-09-08 06:00:00 [INFO] cache miss on product page (req-4884)
2026-09-08 07:00:00 [INFO] payment gateway timeout (req-4885)
2026-09-08 08:00:00 [ERROR] user login successful (req-4886)
2026-09-08 00:00:00 [INFO] payment gateway timeout (req-4887)
2026-09-08 01:00:00 [INFO] disk usage high (req-4888)
2026-09-08 02:00:00 [INFO] payment gateway timeout (req-4889)
2026-09-08 03:00:00 [INFO] connection reset by peer (req-4890)
2026-09-08 04:00:00 [INFO] cache miss on product page (req-4891)
2026-09-08 05:00:00 [INFO] connection reset by peer (req-4892)
2026-09-08 06:00:00 [WARN] request completed (req-4893)
2026-09-08 07:00:00 [INFO] database query slow (req-4894)
2026-09-08 08:00:00 [INFO] disk usage high (req-4895)
2026-09-08 00:00:00 [ERROR] payment gateway timeout (req-4896)
2026-09-08 01:00:00 [WARN] session expired (req-4897)
2026-09-08 02:00:00 [INFO] database query slow (req-4898)
2026-09-08 03:00:00 [INFO] cache miss on product page (req-4899)
2026-09-08 04:00:00 [WARN] disk usage high (req-4900)
2026-09-08 05:00:00 [WARN] disk usage high (req-4901)
2026-09-08 06:00:00 [INFO] cache miss on product page (req-4902)
2026-09-08 07:00:00 [INFO] request completed (req-4903)
2026-09-08 08:00:00 [INFO] request completed (req-4904)
2026-09-08 00:00:00 [INFO] session expired (req-4905)
2026-09-08 01:00:00 [WARN] database query slow (req-4906)
2026-09-08 02:00:00 [WARN] disk usage high (req-4907)
2026-09-08 03:00:00 [INFO] user login successful (req-4908)
2026-09-08 04:00:00 [INFO] database query slow (req-4909)
2026-09-08 05:00:00 [INFO] cache miss on product page (req-4910)
2026-09-08 06:00:00 [INFO] payment gateway timeout (req-4911)
2026-09-08 07:00:00 [INFO] database query slow (req-4912)
2026-09-08 08:00:00 [INFO] disk usage high (req-4913)
2026-09-08 00:00:00 [INFO] disk usage high (req-4914)
2026-09-08 01:00:00 [INFO] user login successful (req-4915)
2026-09-08 02:00:00 [INFO] database query slow (req-4916)
2026-09-08 03:00:00 [INFO] payment gateway timeout (req-4917)
2026-09-08 04:00:00 [INFO] payment gateway timeout (req-4918)
2026-09-08 05:00:00 [INFO] disk usage high (req-4919)
2026-09-08 06:00:00 [INFO] user login successful (req-4920)
2026-09-08 07:00:00 [INFO] database query slow (req-4921)
2026-09-08 08:00:00 [INFO] cache miss on product page (req-4922)
2026-09-08 00:00:00 [INFO] user login successful (req-4923)
2026-09-08 01:00:00 [INFO] connection reset by peer (req-4924)
2026-09-08 02:00:00 [WARN] cache miss on product page (req-4925)
2026-09-08 03:00:00 [INFO] request completed (req-4926)
2026-09-08 04:00:00 [INFO] user login successful (req-4927)
2026-09-08 05:00:00 [INFO] payment gateway timeout (req-4928)
2026-09-08 06:00:00 [INFO] connection reset by peer (req-4929)
2026-09-08 07:00:00 [ERROR] payment gateway timeout (req-4930)
2026-09-08 08:00:00 [WARN] payment gateway timeout (req-4931)
2026-09-08 00:00:00 [WARN] connection reset by peer (req-4932)
2026-09-08 01:00:00 [INFO] payment gateway timeout (req-4933)
2026-09-08 02:00:00 [INFO] disk usage high (req-4934)
2026-09-08 03:00:00 [INFO] connection reset by peer (req-4935)
2026-09-08 04:00:00 [INFO] cache miss on product page (req-4936)
2026-09-08 05:00:00 [INFO] payment gateway timeout (req-4937)
2026-09-08 06:00:00 [INFO] user login successful (req-4938)
2026-09-08 07:00:00 [ERROR] request completed (req-4939)
2026-09-08 08:00:00 [INFO] database query slow (req-4940)
2026-09-08 00:00:00 [INFO] payment gateway timeout (req-4941)
2026-09-08 01:00:00 [INFO] disk usage high (req-4942)
2026-09-08 02:00:00 [INFO] payment gateway timeout (req-4943)
2026-09-08 03:00:00 [ERROR] database query slow (req-4944)
2026-09-08 04:00:00 [WARN] connection reset by peer (req-4945)
2026-09-08 05:00:00 [INFO] database query slow (req-4946)
2026-09-08 06:00:00 [INFO] payment gateway timeout (req-4947)
2026-09-08 07:00:00 [WARN] payment gateway timeout (req-4948)
2026-09-08 08:00:00 [INFO] payment gateway timeout (req-4949)
2026-09-08 00:00:00 [INFO] connection reset by peer (req-4950)
2026-09-08 01:00:00 [WARN] disk usage high (req-4951)
2026-09-08 02:00:00 [INFO] user login successful (req-4952)
2026-09-08 03:00:00 [INFO] connection reset by peer (req-4953)
2026-09-08 04:00:00 [INFO] database query slow (req-4954)
2026-09-08 05:00:00 [INFO] user login successful (req-4955)
2026-09-08 06:00:00 [INFO] payment gateway timeout (req-4956)
2026-09-08 07:00:00 [INFO] database query slow (req-4957)
2026-09-08 08:00:00 [INFO] user login successful (req-4958)
2026-09-08 00:00:00 [INFO] connection reset by peer (req-4959)
2026-09-08 01:00:00 [INFO] request completed (req-4960)
2026-09-08 02:00:00 [WARN] session expired (req-4961)
2026-09-08 03:00:00 [WARN] user login successful (req-4962)
2026-09-08 04:00:00 [INFO] request completed (req-4963)
2026-09-08 05:00:00 [INFO] cache miss on product page (req-4964)
2026-09-08 06:00:00 [INFO] connection reset by peer (req-4965)
2026-09-08 07:00:00 [INFO] connection reset by peer (req-4966)
2026-09-08 08:00:00 [INFO] database query slow (req-4967)
2026-09-08 00:00:00 [INFO] cache miss on product page (req-4968)
2026-09-08 01:00:00 [INFO] database query slow (req-4969)
2026-09-08 02:00:00 [INFO] payment gateway timeout (req-4970)
2026-09-08 03:00:00 [INFO] connection reset by peer (req-4971)
2026-09-08 04:00:00 [INFO] user login successful (req-4972)
2026-09-08 05:00:00 [INFO] database query slow (req-4973)
2026-09-08 06:00:00 [INFO] request completed (req-4974)
2026-09-08 07:00:00 [ERROR] request completed (req-4975)
2026-09-08 08:00:00 [ERROR] user login successful (req-4976)
2026-09-08 00:00:00 [INFO] request completed (req-4977)
2026-09-08 01:00:00 [INFO] user login successful (req-4978)
2026-09-08 02:00:00 [INFO] connection reset by peer (req-4979)
2026-09-08 03:00:00 [WARN] cache miss on product page (req-4980)
2026-09-08 04:00:00 [INFO] cache miss on product page (req-4981)
2026-09-08 05:00:00 [INFO] database query slow (req-4982)
2026-09-08 06:00:00 [INFO] connection reset by peer (req-4983)
2026-09-08 07:00:00 [INFO] session expired (req-4984)
2026-09-08 08:00:00 [WARN] cache miss on product page (req-4985)
2026-09-08 00:00:00 [WARN] cache miss on product page (req-4986)
2026-09-08 01:00:00 [INFO] cache miss on product page (req-4987)
2026-09-08 02:00:00 [INFO] connection reset by peer (req-4988)
2026-09-08 03:00:00 [INFO] connection reset by peer (req-4989)
2026-09-08 04:00:00 [ERROR] database query slow (req-4990)
2026-09-08 05:00:00 [INFO] connection reset by peer (req-4991)
2026-09-08 06:00:00 [INFO] session expired (req-4992)
2026-09-08 07:00:00 [INFO] user login successful (req-4993)
2026-09-08 08:00:00 [INFO] user login successful (req-4994)
2026-09-08 00:00:00 [INFO] payment gateway timeout (req-4995)
2026-09-08 01:00:00 [WARN] connection reset by peer (req-4996)
2026-09-08 02:00:00 [WARN] database query slow (req-4997)
2026-09-08 03:00:00 [INFO] disk usage high (req-4998)
2026-09-08 04:00:00 [ERROR] connection reset by peer (req-4999)
